psraid,internetUse,emailUse,internetYest,facebookUse,myspaceUse,linkedinUse,profileUse,twitterUse,payMusic,payVideo,payPhoto,payNews,payEbook,payGame,payRingtone,paySoftware,payApp,payAmount,payAmountMonth,household,emp,parent,sex,age,educ,race,inc,iphoneUse,twitterCheckFreq
100001,1,1,1,1,2,2,2,2,1,2,1,1,2,2,1,1,1,,5,3,1,2,2,19,5,6,7,2,7
100015,1,1,1,2,2,2,2,2,2,2,2,2,2,2,2,2,2,,,2,3,2,2,69,5,1,6,2,
100019,2,2,,,,,,,,,,,,,,,,,,2,3,2,2,80,6,1,99,2,
100021,1,1,2,1,2,2,2,2,1,2,2,2,2,1,1,2,2,,0,2,1,2,1,26,3,1,4,2,
100023,1,1,1,2,2,2,2,2,2,2,2,2,2,2,2,1,2,,0,2,1,2,1,67,7,1,9,2,
100025,2,2,,,,,,,,,,,,,,,,,,1,5,2,1,72,1,1,1,1,
100026,1,1,2,2,2,2,1,2,2,2,2,2,2,2,1,2,2,995,0,2,3,2,2,59,5,4,6,2,
100029,1,1,1,2,2,1,2,2,2,1,2,1,2,2,2,1,2,100,20,2,1,2,2,57,7,1,99,2,
100032,1,1,1,2,2,2,2,2,2,2,2,2,2,2,2,1,2,,0,2,3,2,1,64,7,1,99,1,
100035,2,2,,,,,,,,,,,,,,,,,,1,3,2,2,72,6,1,99,2,
100051,1,1,1,2,2,1,2,2,2,2,1,1,2,2,1,1,1,500,3,2,1,2,1,60,7,1,9,2,
100056,1,1,2,2,2,2,2,2,2,2,2,2,2,2,2,2,2,,,1,3,2,2,78,7,1,4,2,
100059,2,1,2,1,2,2,1,2,1,2,2,2,2,2,2,2,2,,0,1,1,1,2,41,7,1,8,2,
100067,2,2,,,,,,,,,,,,,,,,,,2,2,1,1,23,5,6,1,1,
100082,1,1,1,1,2,1,2,2,1,2,2,2,2,2,2,1,2,50,0,3,3,2,1,58,7,1,9,2,7
100086,2,2,,,,,,,,,,,,,,,,,,1,4,2,2,72,1,1,99,1,
100100,2,2,,,,,,,,,,,,,,,,,,2,3,2,2,99,5,9,99,2,
100113,1,2,1,2,2,2,2,2,1,1,1,2,2,2,1,1,1,,1500,2,4,1,2,23,3,2,3,2,
100119,1,1,1,2,2,2,2,2,2,2,2,2,2,2,2,1,2,,0,1,3,2,1,62,6,6,9,2,
100124,1,1,1,1,1,2,1,2,1,2,2,2,2,1,1,2,1,,10,4,1,1,2,28,4,1,2,2,
100152,2,2,,,,,,,,,,,,,,,,,,2,5,2,1,70,3,9,99,1,
100156,1,1,1,2,8,2,2,2,1,2,2,2,2,2,2,2,2,,9998,2,3,2,2,71,3,1,3,2,
100168,1,1,1,2,2,2,2,2,2,2,2,2,2,2,1,1,2,,5,4,1,2,2,58,6,1,6,2,
100171,2,2,,,,,,,,,,,,,,,,,,2,3,2,1,83,3,2,2,2,
100174,2,2,,,,,,,,,,,,,,,,,,1,3,2,2,84,3,1,2,2,
100182,1,2,2,2,2,2,2,2,2,2,2,2,2,2,2,2,2,,,1,3,2,1,68,3,1,2,1,
100184,1,1,1,2,2,2,2,2,2,2,2,2,2,2,2,2,2,,,4,2,2,1,20,3,1,3,2,7
100188,1,1,1,1,1,2,2,1,2,2,2,2,2,2,2,2,2,,,2,2,2,2,27,5,1,2,2,6
100189,2,2,,,,,,,,,,,,,,,,,,3,2,2,1,53,3,2,3,2,
100195,2,2,,,,,,,,,,,,,,,,,,1,4,2,2,85,2,1,1,1,
100200,1,1,1,1,2,2,1,2,2,2,2,2,2,2,2,2,2,,0,3,3,2,2,64,3,1,4,2,
100207,1,1,1,1,2,2,1,2,2,2,2,2,2,2,2,2,2,,,1,2,2,2,19,5,1,1,2,
100208,1,2,2,2,2,2,2,2,1,1,2,2,2,2,2,1,2,120,0,1,1,2,1,44,3,1,5,2,
100209,2,2,,,,,,,,,,,,,,,,,,1,3,2,2,75,3,1,99,2,
100210,1,1,1,2,1,2,1,2,2,2,2,2,2,2,2,2,2,,0,2,1,2,2,53,2,2,2,2,
100216,1,1,1,1,2,1,1,2,2,1,2,2,1,1,2,2,2,9998,25,2,2,2,2,25,7,1,2,2,
100218,1,1,1,1,2,2,2,2,1,2,1,1,2,2,2,1,2,0,0,2,1,1,1,31,6,1,4,2,
100226,1,1,1,2,2,2,2,2,2,2,2,2,2,2,2,2,2,,0,9,1,9,2,22,7,9,99,2,
100228,1,1,2,2,2,2,2,2,1,2,2,2,2,1,2,2,2,,0,3,3,2,2,77,5,4,5,2,
100242,1,1,1,1,2,2,2,1,1,2,2,2,2,1,2,2,2,,0,2,1,1,2,36,6,2,8,2,7
100245,1,1,1,2,2,2,2,2,2,2,2,2,2,2,2,2,2,,,3,1,2,2,99,5,1,99,2,
100246,1,1,2,1,2,2,2,2,2,2,2,1,2,2,2,1,2,100,9998,1,3,2,2,99,5,1,6,2,
100254,1,1,1,1,1,2,2,1,2,2,2,2,2,2,2,2,2,,,2,3,2,2,68,2,1,2,2,1
100259,2,2,,,,,,,,,,,,,,,,,,2,7,2,2,62,2,1,7,2,
100261,2,2,,,,,,,,,,,,,,,,,,2,3,2,2,80,7,1,99,1,
100262,1,1,1,1,2,2,2,2,1,2,1,1,2,2,2,2,1,20,4,2,1,2,1,55,5,2,6,2,
100271,2,2,,,,,,,,,,,,,,,,,,1,3,2,2,39,7,1,7,1,
100276,2,2,,,,,,,,,,,,,,,,,,2,3,2,1,65,6,1,4,2,
100283,2,2,,,,,,,,,,,,,,,,,,1,3,2,1,99,9,1,99,2,
100287,2,2,,,,,,,,,,,,,,,,,,2,3,2,2,68,3,1,3,1,
100288,1,1,1,2,2,2,2,2,2,2,2,2,2,2,2,2,2,,,2,3,2,1,71,6,1,7,2,
100292,1,1,1,1,2,2,2,2,2,2,2,2,2,2,2,2,2,,,4,1,2,1,21,5,1,4,2,7
100295,1,1,1,1,2,2,2,2,2,2,2,2,1,1,2,1,2,,10,1,3,2,1,40,3,5,4,1,
100298,1,1,1,2,2,2,2,2,2,2,2,2,2,2,2,1,2,,0,2,1,2,1,57,5,1,99,2,
100299,2,2,,,,,,,,,,,,,,,,,,2,3,2,1,66,2,1,3,2,
100300,1,1,1,1,2,1,1,2,1,1,1,1,2,2,2,1,2,30,2,2,1,1,2,28,7,1,9,2,4
100316,1,1,1,1,2,2,2,2,2,2,2,2,1,1,2,1,2,,0,2,3,2,2,50,5,1,6,2,
100318,1,1,2,2,2,2,2,2,2,1,1,1,2,2,2,2,2,,20,2,2,2,2,80,7,1,8,2,
100325,2,2,,,,,,,,,,,,,,,,,,1,2,2,2,35,5,1,1,1,
100327,1,1,1,2,2,2,2,2,1,1,2,2,2,2,2,2,2,,300,2,1,1,1,45,6,1,6,2,
100329,2,2,,,,,,,,,,,,,,,,,,5,3,2,1,78,3,1,1,1,
100333,1,1,1,2,2,2,1,2,2,2,2,2,2,2,2,2,2,0,0,3,3,2,2,70,5,1,4,2,
100335,1,1,1,2,2,2,2,2,2,2,2,2,2,2,2,2,2,,,1,3,2,2,75,3,1,1,2,
100339,1,1,2,2,2,2,2,2,2,2,2,2,2,2,2,2,2,,,1,3,2,2,75,3,1,3,2,
100363,2,2,,,,,,,,,,,,,,,,,,1,2,2,2,48,3,2,2,1,
100370,1,1,1,2,2,2,2,2,2,2,2,2,2,2,2,1,2,100,10,1,1,1,2,53,6,1,99,2,7
100373,2,2,,,,,,,,,,,,,,,,,,2,3,2,2,63,6,2,3,1,
100378,1,1,1,1,2,2,2,2,1,2,2,2,2,2,1,1,2,,0,2,1,2,1,58,5,2,5,2,
100387,2,2,,,,,,,,,,,,,,,,,,2,3,2,2,71,6,1,5,2,
100398,2,2,,,,,,,,,,,,,,,,,,3,4,1,2,29,2,1,1,2,
100399,1,1,2,2,2,2,2,2,2,2,2,2,2,2,2,2,2,,,1,3,2,2,80,2,1,2,2,
100403,1,1,1,1,2,2,1,2,2,2,2,2,2,2,2,2,2,,,2,1,2,2,42,5,1,5,2,7
100404,1,1,1,1,2,1,2,2,2,2,1,2,1,2,2,2,2,,0,2,1,2,2,57,6,1,99,2,
100411,1,1,2,2,2,2,2,2,2,2,2,2,2,2,2,2,2,,0,2,2,2,1,50,3,2,4,2,
100418,1,1,1,2,2,2,2,2,2,2,2,2,2,2,2,2,2,,0,2,1,2,2,27,6,1,7,2,
100420,1,1,1,2,2,2,2,2,2,2,1,2,2,2,2,2,2,,9998,3,1,2,2,52,3,1,5,2,
100429,2,2,,,,,,,,,,,,,,,,,,1,3,2,2,81,6,1,99,2,
100434,2,2,,,,,,,,,,,,,,,,,,1,3,2,2,99,3,1,99,1,
100438,1,1,1,2,2,2,1,2,1,2,2,2,2,2,2,2,2,,10,2,1,1,1,40,6,1,9,2,
100441,1,1,1,1,2,2,1,2,1,2,2,2,1,2,1,2,2,12,10,2,4,2,2,44,5,1,6,2,
100453,2,2,,,,,,,,,,,,,,,,,,2,3,2,2,73,3,1,2,1,
100460,2,2,,,,,,,,,,,,,,,,,,1,4,2,2,55,3,2,2,2,
100461,1,1,1,2,2,2,2,2,2,2,2,1,2,2,2,1,2,1750,200,3,3,1,1,62,5,5,5,2,
100462,1,1,1,2,2,2,1,2,2,2,2,2,2,2,2,2,2,,,2,1,1,2,47,5,2,9,2,
100470,2,2,,,,,,,,,,,,,,,,,,2,3,2,2,72,6,1,6,2,
100478,2,2,,,,,,,,,,,,,,,,,,1,2,2,1,74,3,1,2,2,
100481,1,1,1,2,2,2,2,2,2,2,2,2,2,2,2,2,2,,,1,3,2,2,99,7,1,99,2,
100489,1,2,1,2,2,2,2,2,2,2,2,2,2,2,2,2,2,,0,1,5,2,1,54,5,1,6,2,
100499,1,2,2,1,2,2,1,2,1,2,2,2,2,2,2,1,2,,0,2,1,1,1,33,4,4,99,2,7
100509,1,1,1,2,2,2,2,2,1,2,2,2,1,1,1,1,2,15,0,2,2,1,2,52,6,4,99,2,
100511,1,1,1,2,2,2,2,2,2,2,2,2,2,2,2,2,2,,,2,3,2,1,60,5,1,7,2,
100515,1,1,1,1,2,2,1,2,1,1,1,1,2,1,2,1,1,10,1,2,3,2,2,59,5,1,7,2,7
100524,1,2,1,2,2,2,1,2,1,2,2,2,2,2,2,1,1,,0,2,4,1,1,30,7,1,2,2,
100526,1,1,1,1,2,2,2,2,1,2,2,2,2,1,2,1,2,,20,3,1,2,1,63,7,1,8,2,
100535,1,1,1,1,2,2,2,2,2,2,2,2,2,2,2,2,2,,0,2,2,2,2,71,7,1,6,2,
100537,1,1,1,2,2,2,2,2,2,2,2,2,2,2,2,1,2,,0,1,3,2,1,88,7,1,7,2,
100545,2,2,,,,,,,,,,,,,,,,,,2,4,2,2,50,3,1,99,2,
100546,1,1,1,1,2,2,1,2,2,2,2,2,2,2,2,2,2,,,2,1,1,2,28,3,1,2,2,
100556,1,2,2,1,2,2,2,2,2,2,2,2,2,2,2,1,2,,0,2,2,2,1,61,3,1,4,2,
100558,1,1,2,2,2,2,2,2,2,2,2,2,2,2,2,2,2,,,1,3,1,2,87,6,1,3,2,
100559,2,1,1,2,2,2,2,2,2,2,2,2,2,2,2,2,2,,,2,3,2,2,83,4,1,99,2,
100563,1,1,2,1,2,2,2,2,2,2,2,1,2,2,2,2,1,,0,1,3,2,2,61,6,1,3,2,
100564,1,1,1,2,2,2,2,2,2,2,2,2,2,2,2,1,2,,0,2,3,2,2,73,6,2,3,2,
100565,1,1,1,1,2,1,2,2,2,2,2,2,2,2,2,2,2,,,2,1,2,1,44,7,1,7,2,
100573,1,1,1,2,2,2,2,2,2,2,2,2,2,2,2,2,2,,,2,1,2,1,74,7,1,9,2,
100579,1,1,2,1,2,2,2,2,1,2,1,2,2,2,2,2,2,30,2,2,2,2,2,39,5,1,4,2,
100580,1,1,1,2,2,2,2,2,2,2,2,2,8,2,2,1,1,,0,2,1,2,1,61,6,9,6,2,
100595,1,1,1,2,2,2,2,2,2,2,2,2,2,2,2,2,2,,10,1,3,2,2,76,6,1,3,2,
100600,1,1,2,1,2,2,1,2,2,2,2,2,2,2,2,2,2,,,1,2,2,2,40,3,2,3,2,
100601,2,2,,,,,,,,,,,,,,,,,,2,3,2,1,85,6,1,3,2,
100603,1,1,1,1,2,2,2,2,1,2,1,2,2,2,2,1,2,,0,3,1,1,1,33,6,1,9,2,
100613,1,1,1,1,2,2,2,2,2,2,2,2,2,2,2,1,2,,0,2,1,1,1,47,3,1,8,2,
100618,1,1,1,1,1,2,2,2,2,2,2,2,1,1,2,1,2,150,0,1,4,2,1,24,5,1,1,2,
100620,1,1,1,1,2,2,1,2,2,2,1,2,2,2,2,2,2,,0,1,3,2,2,52,6,1,6,2,
100622,1,1,1,2,2,2,2,2,2,2,2,2,2,2,1,2,2,,0,1,3,2,2,65,5,1,1,2,
100631,1,1,1,1,2,2,2,2,2,2,2,2,2,2,2,2,2,,,2,1,2,1,99,7,9,99,2,
100633,1,1,1,1,2,2,2,2,2,2,2,2,2,2,2,2,2,,,2,1,2,2,53,6,1,6,2,
100634,1,1,1,2,2,2,2,2,1,2,2,2,1,2,2,2,1,,2,3,1,1,2,46,7,1,8,2,
100636,1,1,1,1,2,2,1,2,2,2,2,2,2,2,2,2,2,,,3,4,2,1,20,3,2,99,1,
100650,1,1,1,1,2,2,2,2,1,1,1,2,1,2,1,2,2,,0,2,1,2,2,37,6,1,3,2,
100657,1,1,2,2,2,2,1,2,2,2,2,2,2,2,2,2,2,,15,2,3,2,1,85,7,1,6,2,
100658,1,1,2,2,2,2,2,2,2,2,2,2,2,2,2,2,2,,,3,1,2,2,57,7,1,5,2,
100659,2,2,,,,,,,,,,,,,,,,,,1,3,2,2,77,1,1,1,1,
100661,1,2,1,2,2,2,2,2,1,2,2,2,2,1,2,2,2,,50,2,4,2,1,18,3,1,7,2,
100664,1,1,1,2,2,2,1,2,2,2,2,2,2,2,2,2,8,,,2,6,2,2,43,6,2,99,1,
100667,1,1,2,2,2,2,2,2,2,2,2,2,2,1,2,2,2,,0,1,4,2,2,76,5,1,2,2,
100668,2,2,,,,,,,,,,,,,,,,,,2,4,2,1,42,3,2,3,1,
100669,1,1,1,1,1,2,2,2,2,2,2,2,2,2,2,2,2,,,4,1,2,2,20,6,1,99,2,
100679,1,1,1,2,2,2,1,2,2,2,2,2,2,2,2,2,2,,9998,1,3,2,2,76,7,1,99,2,
100692,1,1,1,2,2,2,2,2,2,2,2,2,2,2,2,2,2,,,1,3,2,2,80,5,1,99,2,
100697,1,1,1,1,2,2,2,2,2,2,2,1,2,2,2,2,2,,0,3,1,2,2,50,6,2,7,2,7
100702,1,1,1,1,2,1,1,2,1,1,2,2,2,1,1,1,1,,9998,3,1,2,2,99,5,1,8,2,
100711,1,2,2,2,2,2,2,2,2,2,2,2,2,2,2,2,2,,,2,3,2,2,58,6,1,6,2,
100712,2,2,,,,,,,,,,,,,,,,,,1,3,2,2,99,3,1,99,1,
100725,1,1,1,1,2,1,2,1,1,2,1,1,1,2,2,1,1,,10,2,1,1,1,47,6,1,5,2,5
100727,2,2,,,,,,,,,,,,,,,,,,1,3,2,1,57,5,1,2,1,
100730,1,1,2,1,2,2,2,2,2,2,2,2,2,2,2,1,2,,0,2,3,2,1,72,6,4,99,2,
100740,1,1,1,1,2,2,2,2,1,2,1,2,2,2,2,2,2,9998,10,3,2,1,2,50,6,1,5,2,
100751,1,2,1,2,2,2,2,2,2,2,2,1,2,2,2,1,2,,0,2,1,2,2,50,6,1,99,2,
100753,1,1,1,2,2,2,2,2,2,2,2,2,2,2,2,2,2,,,2,1,2,2,47,3,1,9,1,
100766,2,2,,,,,,,,,,,,,,,,,,1,1,2,1,50,3,5,1,2,
100791,2,2,,,,,,,,,,,,,,,,,,1,3,2,2,86,1,1,2,2,
100796,1,1,1,2,2,2,1,2,2,2,2,1,2,2,2,2,2,,0,9,1,9,2,99,6,9,5,2,
100797,1,1,1,2,2,2,2,2,2,2,2,2,2,2,2,2,2,,0,2,1,2,1,64,3,1,8,2,
100799,1,1,1,2,2,2,2,1,2,1,2,1,2,2,2,2,2,,0,2,9,2,2,21,3,1,1,1,7
100800,1,1,1,2,2,2,1,2,2,2,2,2,2,2,1,2,2,16,0,3,3,2,2,77,3,1,4,2,
100803,2,2,,,,,,,,,,,,,,,,,,3,3,2,2,83,3,1,1,1,
100804,1,1,1,1,2,2,2,2,1,2,2,2,2,2,2,1,2,,0,2,1,1,2,40,3,1,6,2,7
100806,1,1,2,2,2,2,2,2,2,2,2,2,2,2,2,2,2,,,2,3,2,1,62,5,1,99,2,
100808,2,2,,,,,,,,,,,,,,,,,,2,3,2,1,80,1,1,2,2,
100814,1,2,1,2,2,2,2,2,2,2,2,2,2,2,2,2,2,,,2,3,2,2,70,3,1,3,1,
100816,2,2,,,,,,,,,,,,,,,,,,2,3,2,1,69,6,2,2,2,
100817,1,1,1,2,2,2,2,2,2,2,2,2,2,2,2,2,2,,,2,3,2,2,65,3,1,6,2,
100825,1,1,1,2,2,2,2,2,2,1,2,2,2,2,1,1,1,,0,2,3,2,1,61,7,1,99,2,
100828,1,1,1,2,2,2,2,2,2,2,2,2,2,2,2,2,2,,,1,3,2,1,70,5,1,6,2,
100829,1,1,1,2,2,2,2,2,2,2,2,2,2,2,2,1,2,,0,3,3,2,1,66,3,1,4,2,
100835,2,2,,,,,,,,,,,,,,,,,,1,3,2,2,82,5,1,99,2,
100836,1,1,1,2,1,2,1,2,1,2,2,2,2,1,2,1,2,60,5,2,1,2,1,25,5,1,6,2,
100842,2,2,,,,,,,,,,,,,,,,,,3,5,2,1,49,2,1,1,2,
100845,2,2,,,,,,,,,,,,,,,,,,2,3,2,2,99,3,2,1,2,
100847,1,1,2,2,2,2,2,2,1,1,2,1,1,1,2,1,2,,5,1,3,2,2,62,6,2,4,2,
100854,1,1,1,1,2,1,2,2,2,1,1,1,2,2,2,1,2,,9998,2,1,2,1,68,7,1,9,2,
100860,1,1,2,2,2,2,2,2,2,2,2,2,2,2,2,2,2,,,1,5,2,1,55,3,1,1,2,
100863,1,1,1,2,2,2,2,2,2,2,2,2,2,2,2,2,2,,,2,3,2,1,75,6,1,6,1,
100885,1,1,1,2,2,2,2,2,1,2,2,2,2,2,2,1,2,,0,3,2,1,2,55,6,1,7,2,
100887,2,2,,,,,,,,,,,,,,,,,,1,3,2,1,66,3,1,3,2,
100889,1,1,1,2,2,2,2,2,2,2,2,2,2,2,2,2,2,,,2,1,1,1,48,6,5,8,2,
100893,1,1,1,1,2,2,2,2,1,2,2,2,2,2,2,2,1,,10,2,4,1,2,37,7,1,6,2,
100896,1,1,1,1,2,2,1,2,2,2,2,2,2,2,2,2,2,,,3,4,2,1,57,4,1,99,2,
100898,1,1,2,2,2,2,2,2,2,2,2,2,2,2,2,2,2,,,1,3,2,2,61,6,1,4,1,
100902,1,1,1,2,2,1,2,2,2,2,1,2,2,2,2,1,2,500,13,2,1,2,1,55,5,2,7,2,
100905,1,1,1,1,2,2,2,2,2,2,2,2,2,2,2,2,2,,0,2,1,1,2,35,6,1,9,2,7
100906,2,2,,,,,,,,,,,,,,,,,,1,1,1,2,33,6,1,2,2,
100909,1,1,1,2,2,2,2,2,2,2,2,2,2,2,2,2,2,,,2,4,2,2,37,5,1,1,1,
100912,2,2,,,,,,,,,,,,,,,,,,1,1,2,1,45,3,1,1,2,
100915,2,2,,,,,,,,,,,,,,,,,,2,1,2,1,58,6,1,6,2,
100925,1,1,1,2,2,2,1,2,1,2,1,1,1,1,1,1,1,,9998,2,3,2,2,62,7,1,99,2,7
100932,1,1,1,2,2,2,2,2,2,2,2,2,2,2,2,1,2,,0,2,3,2,2,76,3,1,5,2,
100936,1,1,1,2,1,2,2,2,1,2,2,2,2,1,2,1,2,,0,2,3,2,1,70,3,1,5,2,
100937,1,1,1,2,2,2,2,2,2,2,2,2,2,2,2,2,2,,,2,3,2,2,75,5,1,99,2,
100938,1,1,1,2,2,2,1,2,2,2,2,2,2,2,2,2,2,,,2,1,2,1,61,1,1,6,2,
100940,1,1,1,1,2,2,2,2,2,2,2,2,2,2,2,2,2,,,1,1,2,1,57,6,1,6,2,
100941,2,2,,,,,,,,,,,,,,,,,,2,3,2,2,73,3,1,2,1,
100955,2,2,,,,,,,,,,,,,,,,,,1,3,2,2,86,7,1,5,2,
100962,1,1,1,1,2,2,1,2,1,1,1,1,2,2,2,1,1,15,15,2,1,2,2,26,6,1,7,2,
100966,1,1,2,2,2,2,2,2,2,2,2,2,2,2,2,2,2,,,4,2,1,2,50,4,2,3,2,
100993,1,1,2,2,2,2,2,2,2,2,2,2,2,2,2,2,2,,,1,1,1,2,30,3,2,2,1,
100999,1,1,1,1,2,2,2,1,1,2,1,2,2,2,2,1,1,9998,9998,1,1,2,2,99,7,1,9,2,5
101001,1,1,1,1,2,2,2,1,2,2,2,1,2,2,2,2,2,,0,2,3,2,1,78,7,1,4,2,7
101002,2,2,,,,,,,,,,,,,,,,,,5,4,2,2,46,5,1,99,2,
101005,2,2,,,,,,,,,,,,,,,,,,1,3,2,2,81,2,1,1,2,
101010,1,1,1,2,2,2,2,2,1,2,2,1,2,2,2,2,2,,0,2,4,1,2,35,7,1,7,2,7
101015,1,1,1,1,2,1,2,2,1,2,2,2,2,1,1,2,1,20,4,2,1,1,1,34,6,1,7,2,
101018,2,2,,,,,,,,,,,,,,,,,,3,4,1,1,47,2,1,1,1,
101022,2,2,,,,,,,,,,,,,,,,,,1,3,2,2,74,5,1,5,2,
101023,1,1,1,1,2,2,1,1,2,2,2,2,2,1,2,2,2,,5,2,2,1,2,44,6,9,7,2,6
101028,2,2,,,,,,,,,,,,,,,,,,2,1,2,1,56,3,1,6,2,
101031,2,2,,,,,,,,,,,,,,,,,,2,3,2,2,74,7,1,6,2,
101041,1,1,1,1,2,2,2,2,1,2,2,2,1,2,2,2,2,,1,2,1,2,2,63,6,1,8,2,
101042,2,2,,,,,,,,,,,,,,,,,,1,2,2,2,56,5,2,2,2,
101050,1,1,1,2,2,2,2,2,2,2,2,2,2,2,2,2,2,,,2,3,2,2,65,5,5,5,2,
101053,2,2,,,,,,,,,,,,,,,,,,3,3,2,2,64,4,1,2,2,
101055,1,1,1,1,2,2,2,2,1,2,2,8,2,1,2,1,2,9998,0,2,1,2,2,60,7,1,9,2,
101056,2,2,,,,,,,,,,,,,,,,,,1,3,2,2,88,3,1,1,1,
101059,1,1,1,2,2,2,1,2,2,2,2,2,2,2,2,2,2,,,2,1,2,2,65,5,1,7,2,
101062,2,2,,,,,,,,,,,,,,,,,,4,1,2,1,54,3,1,6,1,
101070,2,2,,,,,,,,,,,,,,,,,,1,3,2,1,70,3,1,3,1,
101077,1,2,2,2,2,2,2,2,2,2,2,2,2,2,2,2,2,,,2,2,2,1,18,2,5,1,1,
101079,2,2,,,,,,,,,,,,,,,,,,1,5,2,1,56,3,1,1,1,
101082,1,1,1,1,2,1,1,2,1,2,2,2,2,2,2,2,2,,0,2,1,1,2,36,6,1,7,2,
101083,2,2,,,,,,,,,,,,,,,,,,1,3,2,2,89,3,1,4,2,
101085,2,2,,,,,,,,,,,,,,,,,,1,3,2,2,77,7,1,4,1,
101090,1,1,2,1,2,2,1,2,2,2,2,2,2,2,2,2,2,,,2,3,2,1,62,3,1,5,2,
101096,1,1,1,2,2,2,2,2,2,1,2,2,2,2,2,1,1,,0,1,3,2,2,87,5,9,5,1,
101097,2,2,,,,,,,,,,,,,,,,,,2,4,2,2,63,3,1,99,2,
101109,2,2,,,,,,,,,,,,,,,,,,2,3,2,1,63,3,1,5,1,
101113,2,2,,,,,,,,,,,,,,,,,,2,3,2,1,60,3,1,2,1,
101125,1,1,1,1,2,2,2,2,1,2,2,2,1,1,2,1,2,20,2,2,4,1,2,41,5,1,7,2,
101128,1,1,2,1,2,2,2,2,2,2,2,2,2,2,2,2,2,,,2,2,2,2,56,3,1,3,2,
101139,2,1,1,2,2,2,2,2,2,2,2,2,2,2,2,2,2,,,1,3,2,2,70,6,1,99,2,
101150,1,1,1,1,1,2,2,2,2,1,2,2,2,2,2,2,2,,24,2,1,1,2,52,7,5,7,2,7
101151,2,2,,,,,,,,,,,,,,,,,,2,3,2,1,67,3,1,7,2,
101152,1,1,1,2,2,2,2,2,2,2,2,2,2,2,2,2,2,,,1,4,1,2,36,5,1,1,1,
101155,1,1,1,2,2,2,2,2,2,2,2,2,2,2,2,2,2,,,1,3,2,2,75,6,1,99,2,
101158,1,1,1,1,1,2,2,2,1,1,2,2,2,2,2,1,1,100,10,2,1,1,1,44,7,1,8,2,
101169,1,1,1,1,2,1,2,2,1,2,2,2,2,2,2,2,2,,10,2,1,2,2,28,7,1,6,2,
101172,1,1,1,2,2,2,2,2,1,2,2,2,2,1,2,2,2,,0,3,1,2,2,48,4,1,6,2,
101180,1,2,1,1,2,2,2,2,2,2,1,2,2,1,2,2,2,,0,2,2,1,2,28,5,6,6,2,7
101187,1,1,2,2,2,2,2,2,2,2,2,1,2,2,2,2,2,,0,1,3,2,2,71,5,1,7,2,
101188,1,1,2,2,2,2,2,2,2,2,2,2,2,2,2,2,2,,,3,4,1,2,50,6,9,99,2,
101193,2,2,,,,,,,,,,,,,,,,,,2,1,2,2,61,4,1,99,2,
200002,1,1,1,2,2,2,8,2,1,2,2,2,2,2,1,2,1,,9998,9,1,2,1,39,3,3,4,3,7
200003,1,1,1,2,2,2,2,2,2,1,2,1,2,2,2,2,2,9998,9998,3,4,2,2,53,5,1,9,2,
200005,2,2,,,,,,,,,,,,,,,,,,2,2,2,2,63,3,2,4,2,
200018,2,2,,,,,,,,,,,,,,,,,,1,3,2,1,75,3,9,2,3,
200029,2,2,,,,,,,,,,,,,,,,,,2,3,2,1,84,2,1,2,3,
200031,1,1,1,2,2,2,1,2,1,1,2,1,1,1,2,1,1,800,5,2,4,1,2,37,5,1,7,3,
200035,1,1,2,2,2,2,2,2,2,2,2,2,2,2,2,2,2,,,1,3,2,1,58,6,2,2,3,
200040,1,1,1,1,2,2,1,2,1,2,2,1,1,1,2,1,2,60,10,2,6,2,1,25,5,1,3,3,
200043,1,1,1,1,2,1,2,1,1,1,2,2,2,1,2,1,1,120,20,2,1,1,1,37,6,1,8,2,1
200052,1,1,1,2,2,2,2,2,2,2,2,2,2,2,2,2,2,,,2,3,2,2,58,3,1,2,2,
200055,1,1,1,1,2,2,2,2,1,1,1,1,1,1,1,1,1,150,50,2,1,1,2,57,7,1,7,2,
200060,1,1,1,2,2,2,1,2,2,2,2,1,2,2,2,2,2,,9998,2,4,2,2,56,5,1,5,2,7
200061,1,1,1,1,2,2,2,2,2,1,2,2,2,2,2,2,2,,0,2,1,2,2,25,6,2,4,3,7
200068,1,1,1,1,2,2,1,2,2,2,2,2,2,2,2,1,2,,0,2,1,2,2,54,3,1,5,2,
200079,1,1,1,1,2,2,1,2,1,2,2,1,2,2,2,2,2,,30,2,1,2,2,25,6,6,5,3,7
200086,1,1,1,1,2,2,1,2,1,2,2,2,2,2,2,1,2,,12,1,1,2,2,26,6,2,5,2,
200088,1,1,2,2,2,2,2,2,2,2,2,2,2,2,2,2,2,,,2,1,2,2,57,6,1,4,3,
200091,1,1,1,1,2,2,2,2,2,2,2,1,2,2,2,2,1,,0,2,1,2,2,29,7,5,2,3,
200096,2,2,,,,,,,,,,,,,,,,,,1,5,1,1,48,2,1,1,3,
200097,1,1,1,1,1,2,2,2,2,2,2,2,2,2,2,2,2,,,2,1,1,2,45,7,2,3,2,
200099,2,2,,,,,,,,,,,,,,,,,,1,2,2,1,42,2,2,2,3,
200101,2,2,,,,,,,,,,,,,,,,,,3,2,1,1,39,3,2,1,2,
200106,1,1,1,1,1,2,1,1,1,2,1,1,2,2,1,1,1,,20,2,1,2,1,40,5,2,7,3,2
200111,1,1,1,1,2,2,2,2,1,2,2,2,2,2,1,2,2,,20,4,1,2,1,19,3,1,99,2,
200113,1,1,1,1,1,2,2,2,2,2,2,2,2,2,1,2,2,,30,3,1,2,2,35,6,2,7,3,
200121,1,1,1,1,2,2,2,2,2,2,2,2,2,2,2,2,2,,,3,4,1,2,45,6,1,3,2,
200132,2,2,,,,,,,,,,,,,,,,,,1,3,2,1,46,2,1,2,3,
200133,1,1,1,2,2,2,2,2,2,2,2,2,2,2,2,2,2,,,1,3,2,2,72,6,1,99,3,
200134,1,1,2,2,2,2,2,2,1,2,2,2,2,2,8,2,2,,0,2,1,1,1,56,6,1,5,2,
200138,2,2,,,,,,,,,,,,,,,,,,4,3,2,2,67,2,1,4,2,
200144,1,1,1,1,1,2,2,2,2,2,2,2,2,2,2,2,2,,,2,1,2,2,52,5,1,5,3,
200155,1,1,1,2,2,2,2,2,2,2,2,2,2,2,2,2,2,,,2,1,2,2,55,3,1,7,3,
200164,2,2,,,,,,,,,,,,,,,,,,2,1,2,1,21,5,1,99,2,
200173,1,1,1,1,2,2,1,2,2,2,2,2,2,2,1,2,2,,2,2,1,2,2,22,2,1,3,3,
200187,1,1,1,1,2,2,2,2,2,2,2,2,2,2,2,2,2,,,3,2,1,2,50,6,1,99,2,7
200198,1,1,1,1,2,2,2,2,1,2,2,2,2,2,2,1,2,150,0,2,1,1,1,40,6,1,8,2,
200200,1,1,2,1,2,2,2,2,2,2,1,2,2,2,2,1,2,,0,2,1,1,2,37,3,1,3,3,
200207,1,1,1,1,2,2,1,2,2,2,2,2,2,2,2,2,2,,,2,1,1,1,47,7,1,8,2,
200211,1,1,1,1,2,2,1,2,1,2,2,2,2,1,2,1,2,,20,2,1,2,2,51,5,2,7,3,
200213,1,1,1,1,2,2,2,2,1,1,2,1,2,2,2,2,2,100,5,2,4,2,2,20,5,1,8,3,
200219,1,1,2,2,2,2,1,2,2,2,2,2,2,2,2,2,2,,,2,3,2,1,78,3,1,4,2,
200229,1,1,1,1,2,2,1,2,2,2,2,2,2,2,2,2,2,,,2,4,2,2,21,5,1,99,3,
200237,1,1,1,1,2,2,2,2,1,2,2,2,2,1,2,1,2,,5,2,2,1,2,40,6,1,7,2,
200241,2,2,,,,,,,,,,,,,,,,,,1,3,2,1,63,2,2,1,3,
200250,1,1,1,2,2,2,2,2,2,2,2,2,2,2,2,2,2,,,2,3,2,2,63,6,1,99,2,
200252,1,1,2,2,2,2,1,2,2,1,2,1,2,2,2,2,2,,0,4,1,1,2,46,5,1,6,2,
200254,2,2,,,,,,,,,,,,,,,,,,1,3,2,2,46,3,1,1,3,
200261,1,1,2,8,8,2,1,2,1,1,2,2,2,1,1,2,1,,9998,1,1,2,2,65,6,1,6,3,
200264,1,1,1,1,2,1,2,2,2,2,2,2,2,2,2,2,2,,,2,3,2,1,75,6,1,99,2,
200265,2,2,,,,,,,,,,,,,,,,,,3,1,2,2,53,3,2,1,2,
200267,1,1,1,1,2,2,1,2,1,2,2,2,2,2,2,1,2,,4,2,1,2,2,22,6,1,6,3,
200269,1,1,1,1,2,2,2,2,1,2,2,2,2,2,2,2,2,,0,2,4,9,2,48,7,1,99,2,
200279,1,1,1,1,2,2,2,2,1,2,2,2,2,2,2,2,2,,1,2,2,1,2,26,6,1,5,3,
200285,1,1,1,1,1,1,1,2,1,1,1,1,1,2,2,1,1,300,30,2,1,1,1,50,6,5,9,2,
200290,2,2,,,,,,,,,,,,,,,,,,2,3,2,1,67,5,2,7,2,
200296,2,2,,,,,,,,,,,,,,,,,,2,1,1,1,31,2,1,99,3,
200300,1,1,1,1,2,2,2,2,2,1,2,1,1,1,2,1,1,400,0,2,1,1,2,39,6,1,9,2,
200302,1,1,1,2,2,2,2,2,2,2,2,2,2,2,2,2,2,,0,2,1,2,2,44,5,2,8,3,
200306,2,2,,,,,,,,,,,,,,,,,,4,3,1,2,69,3,1,99,3,
200307,1,1,1,2,2,2,2,2,2,1,1,1,1,2,2,1,1,12,1,1,1,1,1,31,7,2,5,3,
200309,1,2,1,2,2,2,1,2,2,2,2,2,2,2,2,2,2,,,1,5,1,2,42,2,1,99,3,
200319,1,1,1,2,1,2,2,1,2,1,2,2,2,1,1,1,1,,20,3,1,2,1,58,3,1,9,2,4
200324,1,1,1,2,2,2,2,2,2,2,2,2,2,2,2,2,2,,,1,5,2,1,50,3,1,1,3,
200338,1,2,2,2,2,2,2,2,1,2,2,2,2,2,2,8,2,,0,4,1,1,1,61,3,1,4,3,
200341,1,1,1,2,2,2,1,1,1,2,2,2,2,1,1,2,1,,0,1,1,2,1,26,5,2,5,3,7
200343,1,1,1,2,2,2,2,2,2,2,2,2,2,2,2,2,2,,,9,9,9,1,99,9,1,99,2,7
200346,1,1,1,1,2,2,2,2,2,1,2,2,2,2,2,2,2,,0,3,1,2,1,40,3,1,5,2,
200353,1,1,2,2,2,2,2,2,2,2,2,2,2,2,2,2,2,,,2,3,2,1,83,5,1,99,2,
200357,1,1,1,2,2,2,2,2,2,2,2,2,2,2,2,1,2,,30,2,1,2,1,63,6,1,99,2,
200361,1,1,2,1,2,2,2,2,1,1,2,2,8,1,2,2,1,,30,2,1,1,1,40,3,2,4,2,
200370,1,1,1,1,2,2,1,2,2,2,1,2,2,2,2,2,2,40,0,2,1,1,1,47,5,2,5,3,
200371,1,1,1,1,2,2,2,2,2,2,2,2,1,2,2,2,2,,0,2,3,2,1,73,7,1,8,2,
200376,1,1,1,1,2,2,1,2,2,2,2,2,2,2,2,1,2,,19,2,1,2,1,37,6,1,8,2,7
200377,1,1,1,1,2,2,1,2,2,2,1,2,2,1,2,1,1,,42,3,1,1,1,47,3,1,9,3,
200378,1,1,2,1,1,2,1,2,2,2,2,2,2,2,2,2,2,,,3,2,2,1,20,5,1,6,3,
200384,1,1,1,1,2,8,2,2,1,2,2,2,1,2,2,2,2,,0,2,1,2,1,62,6,1,7,2,
200387,2,2,,,,,,,,,,,,,,,,,,2,5,2,2,47,3,1,2,3,
200388,1,2,2,2,2,2,2,2,2,2,2,2,2,2,2,2,2,,,2,3,2,1,72,5,1,3,3,
200390,1,1,1,1,2,2,1,2,2,2,2,1,2,2,2,2,2,40,40,3,2,2,2,21,5,1,99,2,7
200398,1,1,1,2,2,2,2,2,1,2,2,2,2,2,1,2,2,,60,2,1,2,2,50,7,4,9,2,
200399,1,1,1,2,2,2,2,2,1,2,2,2,2,2,1,1,2,,0,2,1,2,1,33,7,1,6,3,
200411,1,1,1,1,2,2,2,1,1,2,2,2,1,1,2,1,1,,10,2,2,1,2,37,6,3,8,2,5
200414,2,2,,,,,,,,,,,,,,,,,,1,4,2,2,62,3,2,1,3,
200420,2,2,,,,,,,,,,,,,,,,,,2,3,2,2,77,2,1,2,3,
200421,1,1,1,1,2,2,2,2,2,2,2,2,2,2,2,2,2,,,3,1,1,1,41,2,1,4,3,6
200424,1,1,1,1,2,2,2,2,2,1,2,2,2,2,2,2,2,10,10,1,1,2,2,43,3,2,5,2,
200430,1,1,1,1,2,2,1,2,2,2,2,2,2,2,2,2,2,,,3,4,1,1,41,3,1,4,3,
200431,1,1,1,2,2,2,2,2,1,2,2,1,2,1,1,1,2,,0,1,1,1,2,34,6,3,3,2,
200432,1,1,1,1,2,2,1,2,2,1,1,1,1,2,2,2,1,100,20,2,1,1,2,40,7,1,9,2,
200437,2,1,2,2,2,2,2,2,2,2,2,2,2,2,2,2,2,,,5,1,2,1,60,3,2,99,2,
200438,2,2,,,,,,,,,,,,,,,,,,2,1,2,2,55,4,1,2,3,
200444,1,1,1,1,1,2,2,2,1,2,1,2,2,1,2,1,2,,1,3,2,2,2,59,3,1,6,2,
200445,1,2,2,2,2,2,2,2,2,2,2,2,2,2,2,2,2,,,2,1,2,1,64,5,1,6,2,
200447,1,1,1,2,2,2,2,2,2,2,1,2,2,2,2,2,2,,0,4,1,2,2,49,7,1,9,3,
200450,1,1,1,2,2,2,2,2,1,2,2,2,2,2,2,2,2,,15,2,1,2,1,52,2,1,6,2,
200452,1,9,1,2,2,1,2,2,1,2,2,2,1,2,1,1,1,,5,2,7,2,1,65,7,1,7,2,
200453,2,2,,,,,,,,,,,,,,,,,,1,1,2,1,21,3,1,3,3,
200455,1,1,1,1,2,2,1,2,1,2,2,2,2,1,2,2,1,,0,3,1,2,2,59,3,1,8,2,
200456,1,1,2,2,2,2,2,2,2,2,2,2,2,2,2,2,2,,0,2,1,1,1,40,3,1,4,2,
200461,2,2,,,,,,,,,,,,,,,,,,2,1,2,2,57,5,1,4,2,
200463,1,1,1,1,1,1,1,1,1,2,2,2,2,1,2,2,1,,9998,3,4,1,2,22,3,2,99,2,1
200472,1,1,1,1,2,2,2,2,1,1,2,1,1,2,2,2,1,,50,1,1,1,1,35,5,1,6,3,
200473,1,1,1,2,2,2,1,2,1,2,1,2,2,2,1,1,2,,1,1,3,2,1,72,6,1,4,2,
200475,2,2,,,,,,,,,,,,,,,,,,1,3,2,2,77,5,1,2,3,
200477,1,1,1,1,1,2,2,2,2,2,2,2,2,2,2,2,2,,,3,4,2,1,21,5,2,2,2,
200478,1,1,1,1,1,1,2,1,1,1,2,2,2,2,1,1,1,10,8,4,1,2,2,26,6,1,6,2,3
200479,1,1,2,1,2,2,1,2,1,2,1,2,2,1,2,1,1,200,0,2,1,2,1,35,5,1,6,2,
200483,1,1,1,2,2,2,1,2,2,2,2,2,2,2,2,2,2,,,1,1,2,1,48,3,1,99,3,
200485,2,1,2,1,2,2,2,2,2,2,2,2,2,2,2,2,2,,,1,2,2,2,45,3,2,1,3,
200486,1,1,1,1,2,2,1,2,2,2,2,2,2,2,2,2,2,,,2,1,2,1,32,7,3,3,3,
200492,1,1,1,1,2,2,2,2,1,2,1,2,2,1,2,2,2,,0,2,1,1,1,54,5,1,8,2,
200493,1,1,1,1,2,2,2,2,2,2,2,2,2,2,2,2,2,,,1,1,1,2,34,6,2,4,2,7
200496,1,1,1,1,2,2,2,2,2,2,2,2,2,2,2,2,2,,,4,1,1,2,33,5,1,5,3,7
200501,1,2,1,1,2,2,1,2,2,2,2,2,1,2,2,2,2,,0,2,2,1,2,28,5,1,3,3,
200503,1,1,1,2,2,2,2,2,2,2,2,2,2,2,2,2,2,,,2,1,1,1,51,6,1,6,2,
200506,1,1,1,1,2,2,1,2,1,2,2,1,2,2,2,2,2,,4,4,4,1,2,24,3,1,2,2,
200508,1,2,2,1,2,2,1,2,2,2,2,2,8,2,2,2,2,,,2,3,2,2,54,3,1,4,2,
200527,1,1,1,2,2,2,2,2,1,1,2,1,2,2,2,2,1,,10,2,1,1,1,36,6,1,8,2,
200529,1,1,1,2,2,2,2,2,2,2,2,2,2,2,2,2,2,,,1,1,2,1,53,6,1,3,3,
200532,2,2,,,,,,,,,,,,,,,,,,2,1,2,1,45,3,2,99,2,
200533,1,1,1,1,2,2,1,2,1,1,2,2,2,1,2,2,2,12,12,2,1,2,1,31,6,1,3,3,
200540,1,1,1,1,1,2,2,2,2,2,2,2,2,2,2,2,2,,,2,1,2,2,21,5,1,1,2,
200542,1,2,1,1,1,2,2,2,2,2,2,2,2,2,2,2,2,,,3,2,2,2,18,3,1,9,2,7
200544,1,1,2,1,2,2,2,2,2,2,2,2,2,2,2,2,2,,0,1,1,1,2,21,3,1,2,3,7
200549,1,2,1,1,2,2,2,2,2,2,2,2,2,2,2,2,2,,,2,4,2,1,24,3,1,4,3,
200551,2,2,,,,,,,,,,,,,,,,,,2,2,2,1,55,2,1,4,2,
200556,1,2,1,1,2,2,1,1,2,2,2,2,2,2,1,2,2,,0,5,4,1,1,18,5,2,1,3,4
200557,1,1,1,2,2,2,1,2,1,2,2,2,2,2,1,1,1,,5,1,1,2,2,49,6,1,7,3,
200563,1,2,1,2,2,2,2,2,2,2,2,2,2,2,2,2,2,,,3,1,1,1,45,5,1,6,2,
200571,1,2,1,1,1,2,2,2,2,2,2,2,2,2,2,2,2,,,2,3,2,2,69,5,2,7,2,
200575,1,1,1,1,2,8,2,2,2,1,2,2,2,1,1,1,2,50,25,5,1,2,1,22,5,1,4,3,
200579,1,1,1,1,2,2,2,2,2,2,2,2,2,2,2,2,2,,0,2,1,2,2,43,7,2,7,2,
200581,1,1,1,1,2,2,2,2,2,2,2,2,2,2,2,2,2,,,4,1,2,2,23,3,1,99,3,
200582,1,1,1,2,2,2,1,2,1,2,1,2,2,2,2,1,2,,10,2,1,2,2,41,5,1,6,2,
200585,1,1,1,1,2,2,1,1,2,2,2,2,2,2,2,2,2,,,3,1,1,1,39,5,2,9,2,6
200587,2,2,,,,,,,,,,,,,,,,,,1,2,2,2,18,2,1,1,3,
200588,1,1,1,2,2,2,1,2,1,2,2,2,2,1,2,2,2,0,0,2,4,1,1,40,3,1,3,3,
200590,2,1,2,1,2,2,2,2,2,2,2,2,2,2,2,2,2,,,2,4,1,1,24,3,1,2,3,
200591,2,1,2,2,2,2,2,2,2,2,2,2,2,2,2,2,2,,,2,3,2,1,66,2,1,8,2,
200600,1,1,1,1,2,1,2,2,2,2,2,2,2,2,2,1,2,,0,2,1,2,1,25,6,1,7,3,
200604,1,1,1,1,2,1,2,1,2,2,2,2,2,2,2,2,2,,,5,1,2,2,26,7,1,3,3,2
200610,1,1,2,2,2,2,1,2,2,2,2,2,2,2,2,2,2,,,3,1,2,1,45,4,1,5,3,
200613,1,1,1,2,2,2,2,2,2,2,2,2,2,2,2,2,2,,,2,1,2,2,51,5,2,8,2,
200614,2,2,,,,,,,,,,,,,,,,,,5,3,1,1,57,5,3,6,2,
200622,2,2,,,,,,,,,,,,,,,,,,3,4,2,1,22,9,1,99,2,
200634,1,1,1,1,2,2,2,1,1,2,1,1,1,2,2,1,2,,10,2,1,1,1,42,7,1,8,2,1
200636,1,1,1,1,2,2,1,2,2,1,2,2,2,1,1,2,1,,0,2,1,1,2,28,3,1,4,3,
200639,2,2,,,,,,,,,,,,,,,,,,2,3,2,1,77,2,2,99,2,
200646,1,1,1,2,2,2,2,2,2,1,1,1,2,2,2,2,2,,0,2,2,2,1,53,5,1,4,2,
200651,1,1,1,1,2,2,1,2,1,2,2,2,2,2,2,2,2,,0,2,2,2,2,18,3,4,99,2,
200653,1,1,2,2,2,2,2,2,2,2,2,2,2,2,2,2,2,,,2,1,2,2,59,4,1,7,2,
200668,2,2,,,,,,,,,,,,,,,,,,2,1,1,2,50,3,1,2,3,
200669,1,1,1,2,2,2,2,2,2,2,2,2,2,1,2,2,2,,0,2,3,2,2,56,3,1,4,3,
200670,1,1,1,1,1,2,1,1,1,2,2,2,2,2,1,1,1,,15,3,1,2,2,22,5,2,2,3,4
200673,1,1,1,2,2,2,2,2,2,2,2,2,2,2,2,2,2,,,1,2,1,2,27,3,6,3,2,
200681,1,1,1,1,2,2,1,1,1,1,2,2,2,1,1,1,1,30,10,2,2,1,2,22,4,2,1,3,1
200683,1,2,1,2,2,2,2,2,2,2,2,2,2,2,2,2,2,,0,1,4,1,2,36,3,2,3,3,
200685,1,1,1,1,1,2,1,1,1,1,2,2,2,1,2,1,1,15,3,2,1,2,1,28,5,1,2,3,6
200690,1,1,1,2,2,2,2,2,2,2,2,2,2,2,2,2,2,,,4,1,2,1,58,6,1,7,2,
200693,1,1,1,1,1,2,1,2,1,2,2,2,2,2,1,1,1,,20,3,2,2,2,18,3,1,99,3,7
200695,1,1,1,2,2,2,1,2,2,2,2,1,2,2,2,2,2,,0,3,1,2,1,29,3,1,3,2,
200696,1,1,1,2,2,2,2,2,1,2,2,1,2,1,2,1,2,0,10,2,1,1,2,37,7,1,9,2,
200699,1,1,1,2,2,1,2,2,2,2,2,1,2,2,2,1,2,,0,2,3,2,2,68,7,1,6,2,
200702,2,2,,,,,,,,,,,,,,,,,,2,4,2,2,35,6,4,8,3,
200704,1,2,2,2,2,2,2,2,2,1,2,2,2,2,2,2,2,,9998,1,1,2,1,51,5,1,4,3,
200706,1,2,1,1,2,2,1,2,2,2,1,2,2,2,1,2,2,,0,2,1,1,1,28,3,2,6,3,7
200714,1,1,1,1,2,2,1,2,1,2,2,1,2,2,2,1,1,,2,1,1,2,1,25,6,2,6,3,
200715,2,2,,,,,,,,,,,,,,,,,,2,3,2,2,56,3,1,6,2,
200716,1,1,2,2,2,2,2,2,2,2,2,2,2,2,1,2,1,,0,2,1,2,1,44,5,1,99,3,
200717,1,1,1,1,2,1,2,1,1,1,2,1,2,1,2,1,1,200,60,1,6,2,1,20,5,2,7,3,5
200723,1,1,8,2,2,2,2,2,2,2,2,2,2,1,2,1,1,,0,2,1,2,1,55,6,6,99,2,
200727,1,1,1,2,2,2,2,2,2,2,2,1,2,2,2,1,1,120,0,2,1,1,1,55,7,1,7,2,
200728,1,1,1,1,2,2,1,2,2,2,1,2,2,2,2,2,2,,0,2,4,1,1,42,6,1,6,2,
200730,1,1,1,1,2,2,2,2,2,2,2,2,2,2,2,2,2,,,2,6,2,1,19,5,1,4,3,7
200734,1,1,1,2,1,2,2,2,1,2,2,2,1,1,1,2,1,,14,1,1,2,2,25,3,1,2,2,
200736,1,1,1,1,2,2,2,2,2,2,2,2,2,2,2,2,2,,,2,4,1,2,32,6,1,5,3,
200740,1,1,1,1,2,2,2,2,2,1,2,2,2,2,2,1,2,300,200,2,1,2,1,50,7,1,5,3,
200741,1,1,1,1,2,2,1,2,1,2,2,2,1,2,1,1,1,20,20,2,1,2,1,60,6,1,7,2,
200742,2,2,,,,,,,,,,,,,,,,,,2,4,2,1,51,3,6,1,2,
200744,1,2,1,1,2,2,1,2,1,1,2,2,2,1,2,2,1,20,10,3,4,2,1,18,2,1,6,3,7
200756,2,2,,,,,,,,,,,,,,,,,,2,1,2,1,68,5,1,6,2,
200765,1,2,2,2,2,2,2,2,2,2,2,2,2,2,2,2,2,,40,2,2,2,1,52,3,1,3,2,
200767,1,1,1,2,2,2,2,2,2,1,2,2,2,2,2,1,2,0,0,2,3,2,1,72,6,1,8,2,9
200768,1,1,1,1,2,2,2,2,2,1,2,2,2,2,2,1,2,,0,1,1,2,1,43,3,1,5,3,
200769,1,1,1,1,1,2,2,2,1,1,2,2,2,2,2,2,2,,0,5,4,2,1,20,5,2,99,2,7
200770,1,1,1,1,2,2,1,2,2,1,2,1,2,1,2,2,2,,10,6,6,2,2,27,6,3,3,3,
200774,1,1,1,2,2,2,2,2,2,2,2,2,2,2,1,2,2,0,250,1,1,1,1,44,4,1,7,2,
200778,2,2,,,,,,,,,,,,,,,,,,3,3,2,2,99,3,1,99,2,
200781,1,1,1,1,2,2,2,1,1,2,2,2,2,1,2,2,2,100,0,2,1,2,1,23,5,1,2,3,2
200783,1,2,2,2,2,2,2,2,2,2,2,2,2,2,2,2,2,,,1,1,2,1,73,7,3,8,2,
200785,1,1,1,1,2,2,1,2,2,2,2,2,2,2,2,2,2,,0,1,3,2,2,61,5,1,6,2,
200786,1,1,1,1,2,1,1,2,1,2,2,2,2,2,2,1,1,,0,2,1,2,1,27,6,1,6,3,
200788,2,2,,,,,,,,,,,,,,,,,,1,3,2,2,78,6,1,1,2,
200794,1,1,2,1,2,2,2,2,2,2,2,2,2,2,2,2,2,,,2,1,2,2,51,5,1,5,2,
200795,1,1,2,2,2,2,1,2,2,2,2,2,2,2,2,2,2,,63,1,1,2,1,52,5,1,2,3,
200797,1,1,2,2,2,2,1,2,2,2,2,2,2,2,2,2,1,,0,2,1,1,1,42,5,1,7,3,
200802,2,2,,,,,,,,,,,,,,,,,,2,1,2,1,55,1,1,3,3,
200803,1,1,1,1,2,1,2,2,1,1,1,1,1,1,2,1,1,9998,9998,2,1,2,1,34,6,9,99,2,
200804,2,1,2,2,2,2,2,2,2,2,2,2,2,2,2,2,2,,,2,2,2,1,21,5,1,3,3,
200809,2,2,,,,,,,,,,,,,,,,,,3,2,2,1,29,5,1,9,2,
200810,1,1,1,2,2,2,2,2,1,1,2,2,2,2,2,2,2,,15,2,1,2,2,33,6,1,99,3,
200811,1,1,1,2,2,2,2,2,2,2,2,2,2,2,2,1,2,,0,2,2,1,2,30,6,1,4,2,
200813,1,1,1,1,2,2,2,2,1,1,2,1,1,2,2,1,1,9998,20,2,1,1,2,34,7,2,9,3,
200816,2,2,,,,,,,,,,,,,,,,,,2,3,2,2,82,5,1,3,2,
200825,1,1,1,1,2,2,2,2,2,1,2,2,2,2,2,2,1,100,0,2,2,2,2,32,5,3,5,2,
200828,1,2,1,2,2,2,2,2,2,2,2,2,2,2,2,2,2,,,1,2,2,1,25,3,1,2,3,
200829,1,1,1,1,2,1,2,1,1,1,2,1,2,1,2,1,2,40,15,2,1,2,2,29,6,1,7,3,2
200832,2,2,,,,,,,,,,,,,,,,,,5,1,2,1,59,5,1,3,2,
200833,1,1,1,1,2,2,2,2,2,1,2,2,2,2,2,2,2,,15,6,1,2,1,24,5,1,4,2,
200840,1,1,1,2,2,2,2,2,2,2,2,2,2,2,2,2,2,,,2,3,2,2,65,5,1,3,3,
200842,1,1,1,1,2,2,2,2,1,1,1,2,1,1,1,1,1,100,20,2,2,2,1,31,5,1,5,2,
200849,1,1,1,1,2,2,2,1,2,2,2,2,2,2,2,2,2,,,2,4,1,2,28,5,1,7,3,4
200850,1,1,1,1,2,2,1,2,1,2,1,2,2,2,1,1,2,,5,4,1,2,2,23,6,1,4,3,
200851,2,2,,,,,,,,,,,,,,,,,,1,5,2,1,47,2,1,2,3,
200854,1,1,1,1,2,2,1,2,2,2,2,2,2,2,2,2,2,,0,4,1,2,1,49,6,3,5,3,
200865,1,1,1,1,2,2,1,2,2,2,2,2,2,2,1,1,2,200,25,3,2,2,1,19,5,1,9,2,
200873,1,1,1,2,2,2,2,2,2,1,2,2,2,2,2,1,2,,0,1,2,2,1,46,7,9,1,2,
200875,1,1,1,1,2,1,2,2,2,2,2,2,2,2,2,2,2,,0,1,1,2,2,30,6,1,7,3,
200876,1,1,2,2,2,2,2,2,2,2,2,2,2,2,2,2,2,,,1,1,2,1,66,7,1,7,3,
200879,2,2,,,,,,,,,,,,,,,,,,4,3,2,2,66,3,1,3,2,
200880,2,2,,,,,,,,,,,,,,,,,,3,2,2,2,20,3,5,4,3,
200881,1,1,1,1,2,2,2,1,2,2,2,1,1,1,2,2,2,100,15,3,4,2,1,23,6,1,6,2,2
200882,1,1,1,1,1,2,1,2,1,2,1,2,2,1,1,1,1,,30,2,4,1,2,39,5,1,7,2,7
200883,1,1,1,1,2,2,1,2,2,2,2,2,2,2,2,1,2,,20,3,3,2,1,62,7,1,4,2,7
200897,1,1,1,1,2,2,2,2,2,2,2,2,2,2,2,2,2,,,2,1,1,2,25,5,4,2,3,7
200908,1,2,2,2,2,2,1,2,2,2,2,2,1,2,2,2,2,,0,1,4,1,1,39,5,1,2,3,
200909,1,1,1,1,2,2,2,2,1,2,2,2,2,2,2,2,2,,0,2,1,2,2,24,6,1,3,3,
200914,1,1,1,1,2,2,2,2,1,1,2,2,2,1,2,1,1,10,0,3,4,2,2,19,5,1,8,2,
200918,2,2,,,,,,,,,,,,,,,,,,2,2,2,2,55,5,2,1,2,
200921,2,2,,,,,,,,,,,,,,,,,,4,5,2,2,43,3,1,99,3,
200922,2,2,,,,,,,,,,,,,,,,,,3,7,2,1,78,3,1,2,2,
200925,1,2,2,1,2,2,2,2,2,2,2,2,2,2,2,2,2,,,3,4,2,2,26,3,2,99,2,7
200929,1,2,2,2,2,2,2,2,2,2,2,2,2,2,2,2,2,,,6,1,2,2,99,1,2,1,2,
200932,1,1,1,2,2,2,2,2,2,2,2,2,2,1,2,2,2,,0,2,3,2,2,62,3,1,4,2,
200933,2,2,,,,,,,,,,,,,,,,,,2,3,2,2,72,5,1,4,2,
200938,1,1,1,1,2,2,1,2,1,2,2,2,2,2,2,1,1,500,0,3,6,2,1,28,7,3,3,2,7
200943,1,1,1,1,2,2,1,2,1,2,2,2,2,2,1,1,1,20,2,2,1,1,2,31,7,1,7,3,5
200949,1,1,1,1,2,1,2,2,2,2,2,2,2,2,2,2,2,,,2,1,1,1,42,7,1,9,2,7
200959,1,1,1,1,2,1,2,2,2,2,2,2,2,2,2,1,2,,0,3,1,2,1,57,7,3,8,2,
200961,1,1,2,2,2,2,2,2,1,1,2,2,1,1,1,1,2,,9998,1,1,2,2,62,5,2,6,2,
200971,2,2,,,,,,,,,,,,,,,,,,2,3,1,1,50,5,5,2,3,
200972,1,1,1,2,2,2,1,2,2,2,2,2,2,2,2,2,2,,,2,1,1,1,52,5,1,7,2,
200976,2,2,,,,,,,,,,,,,,,,,,2,3,2,2,75,4,1,4,2,
200980,1,1,1,2,2,2,2,2,2,2,2,2,2,2,2,2,2,,,3,1,2,2,45,3,1,8,2,
200985,1,1,1,1,2,2,2,2,2,2,2,2,2,2,2,2,2,,,2,5,2,2,48,5,1,7,2,
200986,1,1,1,2,2,2,2,2,2,2,2,2,2,2,2,2,2,,,2,3,2,1,64,6,1,6,2,
200987,1,1,2,1,2,2,2,2,2,2,2,2,2,2,2,2,2,,,3,4,2,2,55,5,1,6,2,
200988,1,1,1,1,2,2,2,2,1,1,1,1,2,2,2,1,1,9998,9998,2,1,2,1,99,7,1,99,2,7
200991,1,1,1,1,2,2,1,2,2,2,2,2,2,2,2,2,2,,,2,1,1,1,30,3,1,4,2,
200992,1,1,1,2,2,2,2,2,2,1,2,2,2,1,2,2,2,,8,2,4,1,2,55,7,1,8,2,
200993,1,1,1,1,2,2,1,2,1,2,2,2,2,1,1,1,2,,2,1,1,2,1,32,6,2,4,3,
200997,1,1,1,1,2,2,1,2,1,2,2,2,2,1,2,1,2,200,27,2,2,2,1,19,5,1,3,3,7
200999,1,1,1,2,2,2,2,2,2,2,2,2,2,2,2,2,2,,,2,3,2,2,62,5,1,99,2,
201001,2,2,,,,,,,,,,,,,,,,,,2,3,2,1,71,3,1,99,2,
201003,1,1,2,1,2,2,1,2,1,2,2,2,2,1,1,1,1,,0,2,4,2,2,25,5,2,1,3,7
201005,1,1,1,1,2,2,2,2,2,2,2,1,2,2,2,1,1,,0,2,1,2,1,54,6,1,7,2,
201007,1,1,1,1,2,2,2,2,2,2,2,2,2,2,2,2,2,,0,3,1,1,1,47,3,1,6,2,
201011,1,1,1,1,2,2,2,2,2,2,2,1,1,1,2,2,1,,5,4,1,2,2,21,3,1,6,2,
201014,2,2,,,,,,,,,,,,,,,,,,2,1,1,1,50,3,1,5,2,
201016,1,1,1,1,2,2,2,2,2,2,2,2,2,2,2,1,2,20,0,2,1,2,1,52,6,1,8,2,
201017,2,2,,,,,,,,,,,,,,,,,,2,5,2,1,51,5,1,1,3,
201018,1,1,1,1,2,2,2,2,1,1,2,2,2,2,2,1,1,,5,1,1,2,2,61,6,1,8,2,
201019,1,1,1,2,2,2,1,2,2,2,2,2,2,2,2,2,2,,,1,1,2,1,31,6,1,5,3,
201022,1,1,1,1,2,2,2,2,2,2,2,2,2,2,1,1,1,,9998,2,1,2,2,45,5,1,99,3,
201023,1,1,1,1,2,2,2,2,2,2,2,2,1,2,2,1,1,,0,4,2,2,2,18,3,2,5,3,
201028,1,1,1,1,2,1,8,2,1,2,2,1,2,2,2,2,2,60,0,2,2,1,1,48,7,1,7,2,
201030,1,1,1,2,2,2,2,2,2,1,2,2,2,2,2,1,1,200,15,2,1,2,1,30,7,1,3,3,
201032,1,1,2,1,2,2,2,2,1,2,2,2,2,2,2,2,2,,0,2,1,2,1,22,5,1,99,2,
201033,1,1,2,1,2,2,2,2,2,2,2,2,2,2,2,2,2,,,2,1,2,1,19,3,1,99,3,
201034,1,1,1,1,2,2,2,2,2,2,2,2,2,2,2,2,2,,0,2,4,2,2,99,5,1,9,2,
201036,1,1,1,1,9,2,2,2,1,2,2,2,8,2,1,2,2,,0,6,1,1,2,94,9,9,9,3,
201046,1,1,1,1,2,2,1,2,1,2,2,2,1,2,2,2,2,,36,2,1,1,2,34,5,1,5,2,
201050,2,2,,,,,,,,,,,,,,,,,,1,3,2,2,64,5,1,2,3,
201051,1,1,1,2,2,1,2,2,1,1,2,2,2,2,2,2,2,,3,2,1,1,1,39,5,1,8,2,
201054,2,2,,,,,,,,,,,,,,,,,,9,9,9,1,99,9,2,99,2,
201055,1,1,1,2,2,1,2,2,1,1,2,2,2,2,2,1,2,,0,3,1,1,1,35,7,1,8,2,
201057,2,2,,,,,,,,,,,,,,,,,,1,3,2,2,76,3,1,2,2,
201061,2,2,,,,,,,,,,,,,,,,,,3,1,2,1,60,5,2,3,2,
201067,2,1,2,2,2,2,1,2,2,2,2,2,2,2,1,2,2,,20,1,1,2,2,46,3,2,3,2,
201070,1,1,1,1,1,2,1,1,1,2,2,2,2,2,2,2,1,,0,1,2,2,1,22,3,1,1,3,7
201086,1,1,1,2,2,2,2,2,2,2,2,2,2,2,2,2,2,23,0,2,3,2,2,63,6,1,99,2,
201093,1,1,1,1,2,2,1,1,1,2,2,1,2,2,2,1,2,100,10,1,1,2,1,48,5,1,7,2,5
201098,1,2,1,1,1,2,2,2,2,2,2,2,2,2,2,2,2,,,2,2,2,1,52,3,1,3,2,
201109,1,1,1,1,2,2,2,2,1,2,2,2,2,1,2,2,2,,0,4,1,2,2,23,5,1,99,2,
201113,1,1,1,2,2,2,2,2,2,2,2,2,2,2,2,1,2,,0,2,1,2,1,74,7,9,99,2,
201117,1,1,2,1,2,2,2,2,1,2,2,2,2,1,1,1,2,,0,4,1,1,2,33,3,1,6,2,7
201118,1,2,1,1,2,2,2,2,1,1,2,2,2,2,1,1,2,,9998,2,2,2,2,18,3,2,2,3,
201133,1,1,1,1,2,2,2,2,1,2,2,2,1,2,2,2,2,,10,2,1,1,2,46,7,1,8,2,
201153,1,2,2,1,2,2,2,2,2,2,2,2,2,2,2,2,2,,0,2,4,2,2,58,5,1,2,3,
201159,1,1,1,1,2,2,2,2,2,2,2,2,2,2,2,2,2,,,2,6,2,2,18,3,9,99,3,
201160,1,1,2,2,1,2,2,2,2,2,2,2,2,2,2,2,2,,,1,3,2,2,61,7,1,3,2,
201161,1,1,1,1,2,1,1,2,1,2,2,2,2,1,1,1,1,120,12,2,1,2,2,28,5,1,3,3,7
201171,1,1,1,2,2,2,2,2,2,2,2,2,2,2,2,2,2,,,2,1,2,1,38,3,1,7,2,
201182,1,1,1,1,1,2,1,2,1,2,2,2,1,2,2,2,2,,0,3,1,1,2,28,3,1,3,3,
201185,2,2,,,,,,,,,,,,,,,,,,1,2,1,2,26,2,1,1,3,
201190,1,1,2,1,2,2,2,2,2,2,1,1,2,2,2,2,2,,25,1,1,2,1,47,7,1,7,2,
201191,1,2,2,2,2,2,2,2,2,2,2,2,2,2,2,2,2,,,1,4,2,1,52,3,1,3,3,
201194,1,1,1,2,2,2,2,2,2,2,2,2,2,2,2,2,2,,,2,1,2,2,99,3,1,4,2,
201196,1,1,1,1,2,2,1,2,2,2,2,2,1,2,2,2,2,,30,2,1,2,2,47,7,2,7,3,
201208,1,1,1,2,2,2,2,2,2,2,1,1,2,2,2,2,1,,0,2,1,2,2,59,6,1,5,2,
201209,1,1,1,1,2,2,1,2,1,1,2,2,2,2,1,1,2,50,5,2,1,2,1,25,6,9,2,3,
201210,1,1,2,1,2,2,1,2,2,2,2,2,2,2,2,1,2,,0,2,5,2,2,60,5,1,4,2,
201214,1,2,1,1,2,2,2,2,1,1,2,2,2,1,2,1,1,,5,2,2,1,2,35,6,1,8,2,7
201218,1,1,1,1,2,2,1,2,2,2,2,2,2,2,2,2,2,,0,2,1,2,1,25,3,1,7,3,
201219,1,2,2,2,2,2,2,2,2,2,2,2,2,2,2,2,2,,,1,4,1,1,33,3,2,1,3,
201238,1,1,1,2,2,2,1,2,2,2,2,2,2,2,2,2,2,,0,2,1,2,2,22,3,4,1,3,
201245,1,1,1,1,2,1,2,2,2,2,2,2,2,2,2,2,1,,0,1,1,2,1,23,6,1,3,3,
201252,1,1,1,1,1,2,1,1,1,2,2,2,2,1,1,2,1,9998,9998,4,1,2,2,19,3,1,1,3,4
201254,1,1,1,1,2,2,2,2,1,2,2,2,2,2,2,2,1,,5,3,4,2,2,18,2,1,8,2,
201258,2,2,,,,,,,,,,,,,,,,,,2,1,1,1,55,3,1,3,3,
201259,2,2,,,,,,,,,,,,,,,,,,2,3,2,1,63,3,2,5,2,
201261,1,1,1,1,2,2,2,2,2,2,2,2,2,2,2,2,2,,,2,3,2,2,70,3,1,3,2,
201267,1,1,1,1,2,2,2,2,2,2,2,2,2,2,2,2,2,,0,1,1,1,2,42,5,2,3,3,
201268,1,1,1,1,1,2,2,2,1,2,2,2,2,2,1,2,2,,10,2,1,2,1,49,5,1,7,3,
201270,1,1,1,2,2,2,2,2,2,2,2,2,2,2,2,2,2,,,1,1,2,1,99,6,3,9,2,
201282,1,1,1,1,2,2,2,2,2,2,2,2,2,1,2,1,1,,10,3,1,1,1,43,3,1,7,2,
201284,1,2,1,1,2,2,2,2,2,2,2,2,2,2,2,2,2,,0,4,2,2,2,21,5,9,99,2,
201289,1,1,1,2,2,2,2,2,2,2,2,2,2,2,2,2,2,,,4,4,1,2,26,5,1,99,3,
201297,1,1,2,2,2,2,2,2,2,2,2,2,2,2,1,2,1,,0,2,1,1,1,31,5,1,6,2,
201300,1,1,1,2,2,2,2,2,2,2,2,2,2,2,2,2,2,,,2,1,1,2,40,3,2,6,3,
201302,1,1,1,2,2,2,2,1,1,2,1,1,2,1,2,1,2,,15,1,1,2,1,23,5,1,3,3,7
201313,2,1,2,2,2,2,2,2,2,2,1,1,2,2,2,2,2,,0,3,2,2,2,62,7,1,6,2,
201314,1,1,1,2,2,2,2,1,2,2,2,2,2,2,2,2,2,,,1,4,2,1,40,7,2,99,3,7
201315,1,1,2,2,2,2,2,2,2,2,2,1,2,2,2,2,2,,0,1,3,2,2,75,1,2,99,3,
201330,1,1,1,1,2,2,1,2,1,2,1,1,2,2,2,1,1,20,0,1,1,2,1,44,6,2,8,3,7
201336,1,1,2,1,2,2,1,2,2,2,2,2,2,2,2,2,2,,0,1,1,1,2,31,3,2,5,2,
201339,2,2,,,,,,,,,,,,,,,,,,3,2,1,2,50,3,1,8,3,
201342,2,2,,,,,,,,,,,,,,,,,,1,1,2,1,74,3,1,7,2,
201349,1,1,1,2,2,2,2,2,2,2,2,2,2,2,2,2,2,,9998,3,1,2,2,31,5,1,4,2,
201352,1,1,1,2,2,2,2,1,1,1,2,1,2,1,2,1,1,1800,0,2,1,2,1,27,6,1,7,3,3
201353,1,1,1,1,2,2,1,1,1,1,2,1,1,1,2,1,1,30,5,1,1,2,2,43,5,1,2,3,6
201354,1,1,1,1,2,2,1,2,2,2,2,2,2,2,2,2,2,,,1,1,2,1,32,5,2,3,2,
300003,2,2,,,,,,,,,,,,,,,,,,2,1,2,1,51,3,1,3,1,
300005,1,1,2,2,2,2,2,2,2,2,2,2,2,2,2,2,2,,,2,3,2,1,99,9,1,99,2,
300007,1,1,1,1,2,2,2,2,2,2,2,2,2,2,2,2,2,,,1,1,2,1,65,3,1,5,2,7
300009,2,2,,,,,,,,,,,,,,,,,,1,3,2,2,86,5,1,99,2,
300010,1,2,2,2,2,2,2,2,2,2,2,2,2,2,2,2,2,,,2,5,2,2,53,2,1,2,1,
300012,1,1,1,2,2,2,2,2,1,2,2,2,2,2,2,1,2,,0,2,2,2,2,58,5,1,4,2,
300013,2,2,,,,,,,,,,,,,,,,,,1,1,2,1,53,3,1,2,2,
300015,1,1,1,1,2,1,2,2,2,2,2,2,2,2,2,2,2,,,2,1,2,2,55,2,1,5,1,
300017,2,1,2,2,2,2,2,2,2,2,2,2,2,1,2,2,2,,0,3,7,2,1,60,5,1,99,2,
300018,2,2,,,,,,,,,,,,,,,,,,2,2,2,2,18,3,1,3,2,
300019,1,1,1,2,2,2,2,2,2,2,2,2,2,2,2,2,2,,,2,3,2,2,74,4,1,99,1,
300022,1,1,1,2,2,2,2,2,2,2,2,2,2,2,2,2,2,,0,1,2,2,2,63,7,1,7,2,
300025,1,1,1,2,2,2,1,2,1,2,2,2,2,1,1,1,2,,1,3,1,1,1,46,6,1,5,2,
300026,1,1,1,2,2,2,2,2,2,2,2,2,2,2,2,2,2,,,1,1,2,1,99,5,1,99,2,
300030,1,1,2,1,2,2,2,2,1,2,2,2,2,2,2,2,2,,0,2,1,1,2,33,7,1,7,2,
300033,1,1,1,2,2,2,2,2,2,2,2,2,2,2,2,1,1,,0,1,1,2,1,31,3,1,3,2,
300034,1,1,2,1,2,2,2,2,2,2,2,2,2,2,2,2,2,,9998,1,1,2,1,50,3,1,3,2,
300041,2,2,,,,,,,,,,,,,,,,,,4,1,1,2,18,3,2,2,2,
300042,1,2,2,2,2,2,2,2,2,2,2,2,2,2,2,2,2,,,1,3,2,2,67,4,1,2,2,
300045,1,1,1,2,2,2,2,2,2,2,2,2,2,2,2,2,2,,,2,1,2,1,60,6,1,7,2,
300048,1,1,1,1,2,2,1,8,1,2,1,2,2,1,2,2,2,,30,1,5,1,2,29,5,2,2,2,7
300055,1,2,1,1,2,2,2,2,1,2,2,1,1,2,2,1,2,,0,9,1,1,1,30,6,1,99,2,
300057,1,2,2,2,1,1,2,2,2,2,2,2,2,2,2,2,2,,,1,1,1,1,39,3,1,7,1,
300060,1,1,1,1,2,2,2,2,2,2,2,2,2,2,2,1,2,,0,2,3,2,2,71,7,1,9,2,
300066,1,2,2,2,2,2,2,2,2,2,2,2,2,2,2,2,1,,0,4,2,2,2,55,3,1,5,2,
300077,1,1,1,2,2,2,2,2,1,2,2,2,1,2,2,2,2,,0,2,1,1,2,44,6,1,99,2,
300082,1,1,2,1,2,2,2,1,1,1,2,2,2,2,1,1,1,0,60,2,1,1,1,35,5,1,5,2,3
300083,1,1,1,1,2,2,2,2,2,2,2,2,2,2,2,2,2,,,1,1,2,2,67,3,1,1,2,
300085,1,1,1,2,2,2,2,2,2,1,2,1,1,2,2,1,1,,1,1,1,1,1,99,6,9,99,2,
300086,1,1,1,2,2,2,2,2,2,2,2,2,2,1,2,1,2,,0,2,3,2,1,68,3,1,99,2,
300087,2,1,2,2,2,2,2,2,2,2,2,1,2,2,2,2,2,,0,2,3,2,2,65,3,1,7,2,
300090,2,2,,,,,,,,,,,,,,,,,,3,3,2,1,73,9,1,2,1,
300092,2,2,,,,,,,,,,,,,,,,,,1,4,2,2,56,5,1,1,1,
300094,1,1,2,1,2,2,1,2,2,2,2,2,2,1,1,2,2,,0,2,3,1,2,66,3,1,2,2,
300096,1,1,1,1,2,2,2,2,2,1,2,2,2,2,2,1,1,,9999,1,1,2,2,53,5,1,6,2,
300097,1,1,1,2,2,2,2,2,2,2,2,1,2,2,2,1,1,50,8,3,1,2,2,53,3,1,4,2,
300100,1,1,1,2,2,2,2,2,2,2,2,2,2,2,2,1,2,,0,2,3,2,1,65,3,1,7,2,
300101,2,2,,,,,,,,,,,,,,,,,,1,3,2,2,80,3,1,99,2,
300103,2,2,,,,,,,,,,,,,,,,,,2,3,2,2,82,7,1,99,2,
300104,1,2,2,2,2,2,2,2,2,2,2,2,2,2,2,2,2,,,1,3,2,2,99,3,1,99,1,
300106,2,2,,,,,,,,,,,,,,,,,,2,2,2,2,99,2,4,99,2,
300107,1,1,1,2,2,2,2,2,2,2,2,1,2,2,2,2,2,0,0,4,3,2,2,71,7,1,7,2,
300109,1,1,1,1,2,2,2,1,1,1,2,2,1,2,1,1,1,,10,1,1,2,2,35,6,1,99,2,3
300110,1,1,1,1,2,2,2,2,1,2,2,2,2,1,2,1,2,,80,1,4,1,1,38,6,1,5,1,7
300111,1,1,1,2,2,2,2,2,2,2,2,2,2,2,2,1,2,,0,2,4,2,1,47,5,1,1,2,
300117,1,1,2,2,2,2,2,2,2,2,2,2,2,2,2,2,2,,,1,3,2,2,73,5,1,99,2,
300118,2,2,,,,,,,,,,,,,,,,,,2,1,1,2,18,3,1,5,2,
300120,1,1,1,2,2,2,2,2,2,2,1,1,2,2,2,2,2,,9998,3,1,1,2,64,5,1,7,2,
300122,1,1,1,2,2,2,2,2,2,2,2,1,2,2,2,2,2,40,0,2,1,1,1,49,6,1,9,2,
300126,1,1,1,1,2,2,2,2,1,1,1,1,2,2,1,1,2,20,10,2,6,2,1,28,7,1,6,2,
300128,1,1,1,1,2,1,2,1,1,2,1,2,1,2,2,1,2,,5,3,1,2,1,54,6,1,99,2,1
300129,1,1,1,1,2,2,1,2,2,1,2,1,2,2,2,2,2,,50,9,1,2,1,99,3,1,99,1,7
300130,1,1,2,2,2,2,2,2,2,2,2,2,2,2,2,2,2,,0,2,3,2,1,70,3,2,3,2,
300135,1,1,1,2,2,2,1,2,2,2,2,2,2,2,2,2,2,,0,4,2,2,2,19,5,6,5,1,
300137,2,2,,,,,,,,,,,,,,,,,,1,3,2,1,84,1,1,2,1,
300139,1,1,1,2,2,2,2,2,2,2,2,2,2,2,2,2,2,,,1,4,1,1,38,3,1,6,2,
300140,2,2,,,,,,,,,,,,,,,,,,2,1,2,1,53,2,1,7,2,
300142,2,2,,,,,,,,,,,,,,,,,,3,5,1,1,50,2,5,99,2,
300144,1,1,1,1,2,2,1,2,2,2,1,2,2,2,2,2,2,,0,2,3,2,2,73,6,1,99,2,
300149,1,2,2,2,2,2,2,2,2,2,2,2,2,2,2,2,2,,,1,3,2,1,79,3,1,6,1,
300152,1,1,2,1,1,2,2,2,2,2,2,1,2,2,2,2,2,,0,2,2,2,1,67,5,1,9,2,
300153,1,1,1,2,2,2,2,2,1,2,2,2,8,2,2,2,2,,0,1,1,1,1,40,5,5,6,2,
300156,2,2,,,,,,,,,,,,,,,,,,2,3,2,1,69,3,1,2,2,
300159,1,1,1,2,2,2,2,2,2,1,2,2,2,2,2,2,2,,0,2,4,1,2,32,6,1,6,2,
300164,2,2,,,,,,,,,,,,,,,,,,1,9,2,1,99,7,1,99,2,
300166,1,1,1,1,2,2,2,2,2,2,2,2,2,2,2,2,2,,,2,3,2,2,72,5,1,6,2,
300171,1,1,1,1,2,2,2,2,2,2,1,2,2,1,2,2,2,,0,2,3,2,2,70,5,1,3,2,
300176,2,2,,,,,,,,,,,,,,,,,,1,3,2,2,88,3,1,1,1,
300182,2,1,2,2,2,2,2,2,2,2,2,2,2,2,1,1,1,200,50,4,3,2,2,52,3,1,8,1,
300187,1,1,1,1,2,2,2,2,1,1,1,1,1,1,1,1,2,,80,2,1,2,1,50,3,6,2,2,7
300188,1,1,1,2,2,2,2,2,2,2,2,2,2,2,2,2,2,,,3,2,1,2,47,7,1,99,2,
300191,1,2,2,2,2,2,2,2,2,2,2,2,2,2,2,2,2,,0,2,3,2,1,83,7,1,6,2,
300197,1,1,1,1,2,2,2,2,2,2,2,2,2,1,2,2,2,,24,3,3,2,2,56,1,1,2,2,
300200,1,1,1,2,2,2,2,2,2,2,2,2,2,2,2,2,2,,0,2,3,2,2,75,3,1,6,2,
300207,1,1,1,1,2,2,1,2,2,2,2,2,2,2,2,2,2,,,2,4,1,2,24,5,1,3,2,
300209,2,2,,,,,,,,,,,,,,,,,,1,3,2,2,80,5,1,1,1,
300211,1,1,1,2,2,2,2,2,2,2,2,2,2,2,2,2,1,,0,1,3,2,1,66,6,1,4,2,
300213,1,1,1,2,2,2,2,2,2,2,2,1,2,2,2,2,2,,9998,2,3,2,2,71,6,1,99,2,
300218,1,1,1,2,2,2,8,2,2,2,1,1,8,1,2,1,2,,0,3,1,2,2,99,5,1,99,2,
300220,1,1,2,2,2,2,1,2,2,2,2,2,2,2,2,2,2,,,1,3,2,2,80,6,1,3,2,
300224,2,2,,,,,,,,,,,,,,,,,,1,3,2,2,99,5,1,99,2,
300226,1,1,1,2,2,2,2,2,2,2,2,2,2,2,2,1,2,,0,2,1,2,1,47,3,1,4,2,
300227,1,1,1,2,2,2,2,2,1,2,1,2,2,2,2,1,2,,80,3,3,2,2,86,5,1,5,2,
300230,1,1,1,1,2,2,2,2,2,2,2,2,2,2,2,1,2,,0,2,1,1,1,58,3,1,99,1,
300231,2,1,2,2,2,2,2,2,2,2,2,2,2,2,8,2,2,,,2,1,2,2,42,5,1,5,2,
300232,2,1,2,2,2,2,2,2,2,2,2,2,2,2,2,2,2,,,1,3,2,2,84,2,1,2,2,
300234,1,2,2,2,2,2,2,2,2,2,2,2,2,2,2,2,2,,,2,3,1,2,59,3,1,3,2,
300235,1,1,2,2,2,2,2,2,2,2,2,2,2,2,2,1,2,,0,2,3,2,2,65,7,2,4,2,
300236,2,2,,,,,,,,,,,,,,,,,,2,3,2,2,77,5,1,4,2,
300237,1,2,1,2,2,2,2,2,1,2,2,1,2,1,2,2,2,,30,2,3,2,2,99,3,1,99,2,
300241,1,1,1,2,2,2,2,2,2,2,2,2,2,2,2,2,2,,,3,3,2,1,79,6,1,3,2,
300247,1,1,1,2,2,2,2,2,1,1,2,2,2,1,2,1,2,,10,2,1,1,1,42,6,1,99,2,
300248,1,1,1,1,2,2,1,1,1,1,2,2,2,1,1,1,1,20,10,5,1,2,1,26,6,1,6,2,1
300250,1,1,2,2,2,2,2,2,2,2,2,2,2,2,2,2,2,,,2,3,2,1,66,5,9,99,2,
300255,1,1,1,1,2,2,2,2,2,2,2,1,1,2,2,1,1,,30,2,1,1,2,42,7,1,8,2,
300257,2,2,,,,,,,,,,,,,,,,,,1,3,2,2,81,7,2,4,2,
300259,2,2,,,,,,,,,,,,,,,,,,1,3,2,1,46,3,4,5,1,
300261,1,1,1,1,2,2,2,2,1,2,1,1,2,2,2,2,2,,20,3,1,2,1,18,5,1,8,2,
300267,1,1,1,1,2,2,2,2,1,2,2,2,2,1,1,1,1,,5,2,1,2,2,99,5,1,7,2,
300271,1,1,1,2,2,2,1,2,1,1,2,2,2,1,2,1,2,50,0,2,1,1,1,39,5,1,8,2,
300272,1,1,1,2,2,2,1,2,1,1,1,1,2,1,1,1,1,,25,2,1,1,2,36,7,1,6,2,
300276,1,1,1,2,2,2,1,2,2,2,2,2,2,2,2,2,2,,,3,3,2,2,63,6,1,6,2,
300277,2,2,,,,,,,,,,,,,,,,,,2,3,2,2,18,5,1,99,2,
300279,2,2,,,,,,,,,,,,,,,,,,1,7,2,2,54,6,1,5,2,
300280,2,2,,,,,,,,,,,,,,,,,,2,3,2,1,74,3,1,1,1,
300283,1,1,1,2,2,2,1,2,2,2,2,2,2,2,2,1,2,,0,1,3,2,1,60,5,1,6,2,
300285,1,1,1,1,2,2,2,2,2,2,2,1,2,1,2,2,1,25,20,1,3,2,1,81,3,1,99,2,
300286,2,1,2,2,2,2,2,2,2,2,2,2,2,2,2,2,2,,,2,1,2,2,55,5,1,6,2,
300290,1,1,1,1,2,2,1,2,1,2,1,1,2,1,1,1,1,50,0,1,5,2,2,57,6,1,99,1,7
300293,1,1,2,1,1,2,2,2,2,2,1,1,2,2,2,2,2,,9999,2,3,2,1,72,7,1,9,2,
300296,1,1,2,1,2,2,2,2,2,2,1,2,2,2,1,2,2,,0,1,3,2,2,63,5,1,3,2,
300299,1,1,1,1,2,2,2,2,1,1,1,1,1,1,2,1,2,,0,2,3,2,2,55,6,1,6,2,
300300,1,1,1,2,2,2,2,2,2,2,2,2,2,2,2,2,2,,,1,4,2,2,49,7,1,99,2,
300301,1,1,1,1,2,2,2,2,2,1,1,2,2,2,2,1,2,,0,2,1,2,1,57,5,1,4,2,
300302,2,2,,,,,,,,,,,,,,,,,,1,2,2,2,60,3,1,2,2,
300303,1,1,1,1,2,1,2,2,1,2,2,1,1,2,2,1,1,,0,4,1,1,1,48,7,1,99,2,
300308,1,1,1,1,1,2,1,2,2,1,2,2,2,2,2,2,2,,0,2,4,1,2,27,5,2,1,1,7
300309,1,2,2,2,2,2,2,2,2,2,2,2,2,2,2,2,2,,,4,1,2,1,45,3,1,2,2,
300311,1,1,1,2,2,1,2,2,2,2,2,1,2,2,1,1,2,,0,3,1,2,2,57,5,1,7,2,
300312,1,1,1,2,2,2,2,2,2,2,2,2,2,2,2,2,2,,,2,1,2,2,53,3,1,7,2,
300314,2,2,,,,,,,,,,,,,,,,,,2,3,2,2,59,5,2,1,1,
300316,1,1,2,1,2,1,2,2,2,2,2,2,2,2,2,2,2,,,2,3,2,2,70,6,1,4,2,
300322,2,2,,,,,,,,,,,,,,,,,,4,5,1,1,57,3,1,6,1,
300323,1,1,1,2,2,2,2,2,2,2,2,2,2,2,2,1,1,,0,9,9,9,1,55,6,5,99,2,
300325,2,2,,,,,,,,,,,,,,,,,,2,5,1,2,47,5,1,2,1,
300326,1,1,1,1,2,2,2,2,1,2,2,2,2,2,1,1,2,,0,2,1,2,1,49,5,1,5,2,
300328,1,1,1,2,2,2,2,2,2,2,2,2,1,2,2,2,2,,0,3,3,1,2,69,5,1,7,2,
300331,2,2,,,,,,,,,,,,,,,,,,4,2,2,2,62,5,1,2,1,
300333,1,1,1,2,2,2,1,2,1,2,2,2,2,1,2,2,2,,0,1,2,2,2,65,6,2,4,2,7
300334,1,1,1,2,2,2,2,2,2,2,2,2,2,2,2,2,2,,,1,1,2,1,69,7,1,7,2,
300335,1,1,1,2,2,2,2,2,2,2,2,2,1,1,2,1,2,50,0,3,3,2,1,72,7,1,99,2,
300336,1,2,2,2,2,2,2,2,2,2,2,2,2,2,2,2,2,,,1,3,2,2,69,3,4,2,2,
300340,1,1,1,1,2,2,2,2,1,2,2,2,2,2,2,1,2,,0,2,2,1,1,32,3,1,5,2,
300341,2,2,,,,,,,,,,,,,,,,,,1,3,2,2,88,5,1,2,2,
300342,2,2,,,,,,,,,,,,,,,,,,3,3,2,1,68,3,2,99,2,
300343,1,1,1,1,2,2,2,2,1,1,1,1,2,2,1,1,1,,0,2,2,1,2,42,7,1,8,2,7
300344,1,1,1,1,2,2,1,2,1,2,2,2,8,2,2,1,2,,0,2,3,2,1,63,6,4,6,2,
300347,1,1,2,2,2,1,1,1,2,1,2,1,1,1,2,2,1,10,0,2,1,1,2,99,3,9,99,2,7
300348,1,1,1,2,2,2,2,2,2,2,2,2,2,2,2,2,2,,,1,9,9,1,99,9,1,99,2,
300350,2,2,,,,,,,,,,,,,,,,,,1,5,2,2,79,3,1,1,1,
300352,1,1,1,1,1,2,1,2,2,2,2,2,2,2,2,2,2,,,2,1,2,1,18,2,1,2,1,7
300354,1,1,1,1,1,1,1,1,2,2,2,2,2,2,1,2,2,,0,1,1,1,2,18,1,1,1,2,1
300359,1,1,1,2,1,2,2,1,2,2,2,2,2,2,2,2,2,,0,2,1,1,1,50,6,4,6,2,6
300360,1,1,1,1,2,2,2,1,2,2,2,2,2,2,2,2,2,,,1,3,2,2,75,5,1,5,2,5
300362,2,2,,,,,,,,,,,,,,,,,,2,3,2,2,71,2,2,99,1,
300363,1,1,1,1,2,2,1,2,2,2,1,2,8,2,2,2,2,,0,3,4,1,1,36,3,2,1,2,7
300364,2,2,,,,,,,,,,,,,,,,,,1,3,2,2,77,3,1,2,2,
300365,2,2,,,,,,,,,,,,,,,,,,4,5,2,2,60,2,2,99,1,
300367,2,2,,,,,,,,,,,,,,,,,,1,3,2,2,89,2,1,2,1,
300369,1,1,1,2,2,2,2,2,2,2,2,2,2,2,2,2,2,,0,1,1,2,2,59,6,1,5,2,
300371,2,2,,,,,,,,,,,,,,,,,,3,3,2,2,67,5,1,99,2,
300376,1,1,1,1,2,2,1,2,2,2,2,2,2,2,2,2,2,,,2,5,1,1,32,1,1,1,1,7
300377,1,1,1,2,2,2,2,2,2,2,2,2,2,2,2,2,2,,,2,1,2,2,42,6,2,4,2,
300378,1,1,1,2,2,1,1,2,1,1,2,1,1,1,1,1,1,120,10,5,1,1,1,39,7,4,9,2,
300379,2,1,2,2,2,2,2,2,2,2,2,2,2,2,2,2,2,,,1,1,2,2,49,3,1,6,2,
300380,1,1,1,2,2,2,1,2,2,2,2,2,2,2,2,2,2,,0,3,1,2,1,51,3,1,8,2,
300381,1,1,1,1,2,2,2,2,2,2,2,2,2,2,1,1,1,20,100,2,1,1,1,43,3,1,6,2,
300383,2,2,,,,,,,,,,,,,,,,,,1,3,2,2,85,7,1,6,2,
300385,1,1,2,2,2,2,1,2,2,2,2,1,2,2,2,2,2,,9999,1,1,1,2,99,3,1,4,2,7
300387,2,2,,,,,,,,,,,,,,,,,,3,3,2,2,73,3,1,2,2,
300389,1,1,1,2,2,2,2,2,2,2,2,2,2,2,2,2,2,,,4,1,2,1,52,6,2,7,2,
300390,1,1,1,1,2,2,2,2,2,2,2,2,2,2,2,2,2,,,2,2,2,2,62,5,1,6,2,
300391,2,2,,,,,,,,,,,,,,,,,,1,3,2,1,75,1,1,1,2,
300392,2,2,,,,,,,,,,,,,,,,,,2,3,2,2,86,7,1,99,2,
300395,1,1,1,2,2,2,2,2,2,2,2,2,2,2,2,1,2,2,1,4,1,2,1,63,6,1,8,2,
300397,1,1,2,2,2,2,2,2,2,2,2,2,2,1,2,2,2,,0,2,1,2,2,45,6,1,5,2,
300398,1,1,1,2,2,2,2,2,2,2,2,2,2,2,2,2,2,,,2,1,2,1,67,7,1,9,2,
300399,2,2,,,,,,,,,,,,,,,,,,1,3,2,2,70,6,5,4,2,
300400,1,1,1,2,2,2,2,2,1,2,1,1,1,1,2,1,1,100,0,3,1,2,1,50,7,1,99,2,
300401,2,2,,,,,,,,,,,,,,,,,,1,3,2,2,99,5,1,99,2,
300403,1,1,1,2,2,2,2,2,2,2,2,1,2,2,2,2,2,,0,2,2,2,1,23,5,1,7,2,
300405,1,1,1,1,2,2,1,2,1,1,2,1,1,2,2,1,2,,50,2,1,2,2,59,7,1,7,2,
300412,2,2,,,,,,,,,,,,,,,,,,1,5,2,1,66,7,1,1,2,
300420,1,1,2,1,2,2,1,2,2,2,2,2,2,2,2,2,2,,,2,1,2,1,59,7,1,8,2,
300422,1,1,1,2,1,2,2,2,2,2,2,2,2,2,2,1,2,,9998,3,5,2,1,57,3,1,4,2,
300425,1,1,2,1,2,2,1,2,1,2,2,2,2,2,2,2,2,,10,2,4,1,2,38,5,1,99,2,
300427,1,2,2,2,2,2,2,2,1,2,1,1,2,2,2,2,2,9998,9998,2,1,2,1,69,5,1,6,2,
300434,1,1,1,2,2,1,2,2,2,2,2,2,2,2,2,1,2,100,0,1,1,2,2,55,7,1,7,2,
300435,1,1,1,1,2,2,2,1,2,2,2,2,2,2,2,1,2,,0,2,1,2,1,64,6,1,6,2,7
300436,1,2,2,2,2,2,2,2,2,2,2,2,2,2,2,2,2,,,1,5,2,1,62,5,1,99,2,
300437,1,1,1,2,2,2,2,2,1,2,1,1,1,2,2,1,2,0,0,3,4,2,2,61,6,1,7,2,
300438,1,1,1,2,2,2,2,2,2,2,2,1,2,2,2,1,2,200,200,2,1,2,2,60,7,1,8,2,
300442,1,1,1,1,2,2,1,2,1,2,2,1,2,2,1,2,2,70,70,2,2,2,2,23,6,2,8,2,7
300444,2,2,,,,,,,,,,,,,,,,,,2,3,2,1,63,6,1,99,1,
300446,2,2,,,,,,,,,,,,,,,,,,2,3,2,2,81,3,1,99,1,
300447,1,1,1,2,2,2,2,2,1,2,2,1,2,1,2,1,1,100,0,2,2,2,2,50,5,1,7,2,
300448,1,1,1,2,2,8,2,2,2,2,2,2,2,2,2,2,2,,9998,2,3,2,2,66,6,1,99,2,
300449,2,2,,,,,,,,,,,,,,,,,,4,1,1,1,41,1,2,1,2,
300450,2,2,,,,,,,,,,,,,,,,,,2,3,2,1,80,3,1,5,2,
300451,2,2,,,,,,,,,,,,,,,,,,2,3,2,2,86,2,1,2,1,
300455,1,1,1,2,2,2,2,2,2,2,2,2,2,1,2,1,2,,0,2,1,2,1,63,7,1,7,2,
300456,2,2,,,,,,,,,,,,,,,,,,1,5,2,1,86,1,4,99,1,
300457,1,1,1,1,2,2,2,2,1,2,2,2,2,2,2,2,2,,0,6,1,2,1,49,7,1,5,2,7
300459,2,2,,,,,,,,,,,,,,,,,,2,1,1,1,59,3,2,2,2,
300460,1,1,2,2,2,2,2,2,2,2,2,2,2,2,2,2,2,,,5,3,2,2,53,3,2,6,2,
300461,1,1,1,2,2,2,2,2,1,2,2,1,2,2,2,1,2,0,0,1,1,2,1,34,6,1,99,2,
300463,2,2,,,,,,,,,,,,,,,,,,3,4,2,1,59,3,9,4,2,
300466,1,1,1,2,2,1,2,2,2,2,2,1,1,1,2,1,2,100,9998,2,1,1,1,47,7,1,8,2,
300467,1,1,2,1,2,2,1,2,1,2,2,1,2,2,2,1,1,,200,3,1,2,2,18,3,1,4,2,3
300468,2,2,,,,,,,,,,,,,,,,,,1,3,2,2,99,9,1,99,1,
300472,1,1,1,1,2,2,2,2,2,2,1,2,2,2,2,2,2,,0,1,3,2,2,72,3,1,99,2,7
300473,2,2,,,,,,,,,,,,,,,,,,2,3,2,2,69,2,1,2,1,
300474,1,1,1,1,2,2,2,2,1,2,2,2,2,1,1,2,1,,50,4,1,1,2,41,4,4,7,2,
300475,1,1,1,2,2,2,1,2,2,2,2,2,2,2,2,2,2,,,3,3,2,1,76,3,1,3,2,
300476,1,1,1,2,2,2,2,2,1,2,2,2,2,2,1,2,1,,0,2,1,1,1,40,7,1,9,2,
300478,1,1,1,2,2,2,2,2,2,2,2,2,2,2,2,1,2,,0,2,3,2,2,52,6,1,8,2,
300484,1,1,2,2,1,1,2,2,2,2,2,2,2,2,2,2,2,,,2,1,2,1,54,3,3,99,2,
300485,2,2,,,,,,,,,,,,,,,,,,1,5,2,1,65,1,1,99,1,
300486,2,2,,,,,,,,,,,,,,,,,,2,3,2,2,82,3,1,99,2,
300488,1,1,1,1,2,1,2,2,1,2,1,1,1,2,2,1,1,100,100,4,1,2,2,61,3,1,9,2,
300489,1,1,1,1,2,2,2,2,1,2,2,2,2,2,2,1,2,,30,2,1,1,1,35,6,1,3,2,
300491,1,1,1,2,2,2,2,2,2,2,1,2,2,2,2,1,2,,0,2,2,2,2,55,4,1,99,2,
300494,1,1,1,1,2,2,2,2,2,2,2,2,2,2,2,1,2,,0,1,4,2,1,99,2,1,99,1,7
300495,2,2,,,,,,,,,,,,,,,,,,1,2,2,2,83,2,1,2,1,
300496,1,1,1,1,2,2,1,2,1,2,2,2,2,2,2,2,2,,9999,2,4,2,2,99,7,9,99,2,7
300497,1,1,1,1,2,2,2,2,2,2,2,2,2,2,2,2,2,,,2,3,2,2,55,3,1,5,2,7
300498,1,1,1,2,2,2,2,2,1,2,2,2,2,2,2,2,2,,9996,3,3,2,1,73,5,2,99,2,
300499,2,2,,,,,,,,,,,,,,,,,,1,3,2,2,99,3,1,4,2,
300505,1,1,1,2,2,2,2,1,2,2,2,2,1,2,2,2,2,,0,2,4,1,2,29,6,1,9,2,1
300512,2,2,,,,,,,,,,,,,,,,,,1,3,2,2,99,6,1,99,1,
300513,1,1,1,2,2,2,2,2,2,2,2,1,2,1,2,2,2,,0,4,1,2,1,47,3,1,8,1,
300514,2,2,,,,,,,,,,,,,,,,,,2,3,2,1,74,3,1,1,2,
300515,1,1,2,2,2,2,2,2,2,2,2,2,2,2,2,2,2,,,2,1,2,2,50,5,2,99,2,
300517,2,2,,,,,,,,,,,,,,,,,,2,3,2,2,80,3,1,3,1,
300521,1,1,1,1,2,2,2,2,2,2,1,2,2,2,2,2,2,,0,2,3,2,2,59,3,1,5,2,
300522,1,1,1,1,2,2,2,2,2,2,2,2,2,2,2,2,2,,,2,3,2,1,69,7,1,8,2,
300523,1,1,2,2,2,2,2,2,2,2,2,2,2,2,2,2,2,,0,1,4,2,1,47,3,2,3,1,7
300526,2,2,,,,,,,,,,,,,,,,,,4,1,2,1,45,9,9,99,2,
300530,1,1,1,1,2,2,2,2,2,2,2,2,2,1,2,2,2,,30,2,1,1,2,99,7,1,7,2,
300531,1,1,1,2,2,2,2,2,2,2,2,2,2,2,2,2,2,,,2,4,1,2,27,5,1,7,2,
300535,1,1,1,1,1,2,1,2,2,2,2,2,2,2,1,1,1,,20,1,1,1,2,33,5,1,4,2,7
300540,2,2,,,,,,,,,,,,,,,,,,2,3,2,2,85,6,1,99,2,
300541,1,2,1,2,2,2,2,2,2,2,2,2,2,2,2,2,2,,,1,3,2,2,84,6,1,3,2,
300544,2,2,,,,,,,,,,,,,,,,,,1,3,2,1,72,7,1,99,2,
300545,2,1,2,2,2,2,2,2,2,2,2,2,2,2,2,2,2,,,3,3,2,1,78,6,1,8,2,
300549,1,1,2,2,2,2,2,2,2,2,2,2,2,2,2,2,2,,,2,1,2,2,54,5,5,5,2,
300553,1,1,1,1,1,2,1,1,2,2,2,2,2,2,2,1,2,,75,1,1,2,1,61,7,1,6,2,4
300556,2,2,,,,,,,,,,,,,,,,,,2,3,2,2,66,3,1,6,2,
300557,2,2,,,,,,,,,,,,,,,,,,2,2,1,1,51,3,1,4,1,
300559,1,1,1,2,2,2,2,2,1,2,2,1,2,2,2,2,2,200,0,2,3,2,2,63,7,1,5,2,
300560,1,1,1,1,2,2,2,2,2,2,2,2,2,2,2,2,1,0,1,1,3,2,1,71,3,1,2,1,
300562,1,1,1,1,2,2,2,2,2,2,2,2,2,2,2,2,2,24,40,2,1,1,2,54,3,1,99,2,7
300564,2,2,,,,,,,,,,,,,,,,,,1,3,2,2,90,3,1,99,2,
300566,1,2,2,2,2,2,2,2,2,2,2,2,2,2,2,2,2,,,2,1,2,2,56,3,1,99,2,
300567,1,1,1,2,2,2,2,2,1,2,1,2,2,2,2,1,2,50,10,2,1,1,1,49,6,1,99,2,
300568,2,2,,,,,,,,,,,,,,,,,,2,4,1,2,67,2,1,99,1,
300570,1,1,1,2,2,2,1,2,2,2,2,1,2,1,2,2,2,,0,2,1,1,2,39,6,1,6,2,
300572,2,2,,,,,,,,,,,,,,,,,,2,3,2,1,75,6,1,6,2,
300573,1,1,1,1,2,1,2,2,1,2,1,1,2,1,2,1,2,,0,1,1,1,1,45,6,1,7,2,
300574,2,2,,,,,,,,,,,,,,,,,,1,3,2,2,99,7,1,99,1,
300578,1,1,1,1,2,2,2,2,2,2,1,2,2,2,2,2,2,,0,2,1,2,2,99,6,1,99,2,7
300579,1,1,2,2,2,2,2,2,2,2,2,2,2,2,2,2,2,,,2,3,2,2,99,3,1,4,1,
300581,1,1,1,2,2,2,2,2,1,2,2,1,1,2,1,1,2,50,50,1,1,2,1,45,6,1,99,2,
300582,1,1,1,1,1,2,2,2,2,8,2,2,2,1,1,2,2,,9998,2,1,1,2,39,5,1,7,2,6
300587,1,1,2,2,2,2,2,2,2,2,2,2,2,2,2,2,2,,,2,1,2,2,53,2,1,99,2,
300589,1,1,1,2,2,2,2,2,2,2,2,2,2,2,2,1,2,0,0,2,3,2,1,74,5,1,99,2,
300590,1,1,1,2,2,1,2,2,2,1,2,2,2,2,2,1,2,60,25,1,3,2,2,82,3,2,1,2,
300591,1,1,1,2,2,2,2,2,2,2,2,2,2,2,2,2,2,,,2,5,2,1,49,3,1,5,2,
300593,1,1,1,2,2,2,2,2,2,2,2,2,2,1,2,2,2,,0,2,3,2,2,61,3,1,4,2,
300595,2,2,,,,,,,,,,,,,,,,,,2,3,2,2,80,5,1,5,2,
300596,2,2,,,,,,,,,,,,,,,,,,1,3,2,2,79,3,1,3,2,
300599,1,1,1,2,2,2,2,2,2,2,2,2,2,2,2,2,2,,,2,2,2,1,34,7,1,8,1,
300600,1,1,1,1,2,2,2,2,2,2,2,2,2,2,2,1,2,,0,2,3,1,1,77,5,1,99,2,
300602,2,2,,,,,,,,,,,,,,,,,,2,3,2,2,60,5,2,4,2,
300605,1,1,1,2,2,2,2,2,2,2,2,1,2,2,2,1,2,,0,2,2,2,2,52,5,1,99,2,
300606,1,1,1,2,2,2,2,2,2,2,2,1,2,2,2,2,2,,0,2,1,2,1,99,3,1,99,1,
300607,1,1,1,2,2,1,2,2,1,2,2,1,1,1,2,1,1,,1,3,9,9,2,99,6,1,99,2,
300608,2,2,,,,,,,,,,,,,,,,,,2,3,2,2,81,5,1,2,2,
300612,2,2,,,,,,,,,,,,,,,,,,2,3,2,2,99,6,2,99,1,
300618,2,2,,,,,,,,,,,,,,,,,,2,3,2,1,66,6,1,99,1,
300619,1,1,1,2,2,2,2,2,2,2,1,2,2,2,2,2,2,,0,9,9,9,2,99,9,9,99,2,7
300622,2,2,,,,,,,,,,,,,,,,,,1,3,2,2,84,5,1,99,2,
300623,1,1,1,2,2,2,2,2,2,2,2,2,2,2,2,2,2,,,2,1,2,1,54,6,1,9,2,
300624,1,1,1,2,2,2,2,2,2,2,2,2,2,2,2,2,2,,,3,2,2,2,59,3,2,4,1,
300625,1,1,1,2,1,2,1,2,1,2,1,1,2,2,2,1,1,20,20,3,1,2,2,20,3,1,2,2,5
300627,2,2,,,,,,,,,,,,,,,,,,2,3,2,1,79,6,1,2,2,
300628,2,2,,,,,,,,,,,,,,,,,,1,3,2,1,88,3,1,99,2,
300637,1,1,1,2,2,2,1,2,2,2,2,2,2,2,2,2,2,,,3,1,2,2,99,3,4,99,2,
300639,1,1,1,2,2,2,2,2,2,2,2,2,2,2,2,2,2,,0,2,1,1,1,52,7,1,8,2,
300644,1,1,1,1,2,1,1,2,1,1,1,2,2,2,2,2,1,,0,2,4,1,2,41,3,1,8,2,
300645,1,1,1,1,2,1,1,2,2,2,2,2,2,2,2,2,2,,0,2,1,1,2,35,2,1,6,2,
300646,1,2,2,2,2,2,2,2,2,2,2,2,2,1,2,2,2,,0,2,3,2,2,80,6,1,9,2,7
300649,1,1,1,2,1,2,2,2,2,2,2,2,2,2,2,2,2,,0,1,6,2,1,18,4,3,99,1,7
300652,2,2,,,,,,,,,,,,,,,,,,1,3,2,2,78,3,1,2,2,
300653,1,1,2,2,2,2,2,2,2,2,2,2,2,2,2,2,2,,,1,1,2,2,60,3,1,99,2,
300654,1,2,1,2,1,2,2,2,2,2,2,2,2,1,2,2,2,,0,1,1,1,2,99,9,1,99,2,7
300657,1,1,1,1,2,2,1,2,2,2,1,2,2,2,2,2,2,,0,4,2,2,2,52,7,1,99,2,
300666,1,1,1,2,2,2,2,2,1,2,2,2,2,1,2,1,1,,0,2,1,1,1,49,3,1,5,2,
300669,1,1,1,1,2,2,1,2,1,1,2,1,2,1,1,1,2,,45,1,1,2,1,55,6,1,9,2,4
300671,1,1,1,1,2,2,2,2,2,2,2,2,2,2,2,2,2,,75,4,1,2,1,65,6,1,7,2,
300672,1,1,8,2,2,2,2,2,2,2,2,2,2,2,2,2,2,,,2,1,1,2,40,7,1,6,2,
300674,1,1,1,2,2,2,2,2,2,2,2,2,2,2,2,2,2,,9998,4,1,2,1,46,5,4,7,2,
300676,1,1,1,1,1,2,1,2,2,1,2,2,2,2,1,2,2,,25,3,4,1,2,41,3,1,99,2,
300677,1,1,2,2,2,2,2,2,2,2,2,2,2,2,2,2,2,,0,2,3,2,1,67,3,1,4,2,
300680,1,1,1,2,2,2,2,2,2,2,2,2,2,2,2,1,2,9999,9999,2,1,2,2,64,6,1,99,1,
300685,1,1,1,2,2,2,2,2,1,2,1,2,2,2,2,2,2,,5,2,1,1,1,62,5,2,5,2,
300686,2,2,,,,,,,,,,,,,,,,,,2,4,2,1,40,3,2,3,2,
300687,1,1,1,1,2,2,2,2,2,2,2,2,2,2,1,2,2,,0,2,1,2,2,53,3,1,5,2,
300689,2,2,,,,,,,,,,,,,,,,,,1,3,2,1,62,2,2,3,2,
300691,2,2,,,,,,,,,,,,,,,,,,2,1,1,2,34,3,4,99,2,
300693,1,1,1,2,2,1,2,2,1,2,2,2,2,2,2,1,2,,5,3,1,1,1,41,7,1,6,2,
300697,1,1,1,1,2,2,2,2,1,2,2,2,2,1,2,1,2,,30,2,1,1,2,40,5,1,7,2,
300702,1,8,2,2,2,2,2,2,1,2,2,1,2,2,2,2,2,,9998,3,3,2,1,50,5,6,3,2,
300703,1,1,1,1,2,1,1,2,1,1,1,1,2,1,2,1,1,1500,30,2,1,1,1,43,5,1,8,2,7
300704,1,2,2,2,2,2,2,2,2,2,2,2,2,2,2,2,2,,,1,3,1,2,61,5,2,1,2,
300709,1,1,1,2,2,2,2,1,2,1,2,2,2,2,2,2,2,,0,1,4,2,2,51,5,1,99,2,7
300710,1,1,1,1,2,2,2,2,1,2,1,2,1,1,1,1,1,,80,2,1,2,2,49,7,3,6,2,
300713,1,1,1,2,2,2,2,2,2,2,1,1,2,2,2,2,2,,9998,1,3,2,2,77,5,1,99,2,
300718,1,1,1,2,2,2,2,2,1,2,1,1,2,2,1,1,1,,0,2,1,2,2,48,5,1,6,2,
300721,1,1,1,1,2,2,1,1,2,2,2,2,2,2,2,2,2,,0,2,3,2,2,59,3,1,7,2,7
300722,1,1,1,1,2,2,2,2,1,2,2,1,2,2,1,1,1,,50,2,1,1,1,38,6,1,5,2,
300726,1,1,1,2,2,2,2,2,2,2,2,1,2,2,2,2,2,,0,2,1,2,2,72,5,1,8,2,
300727,1,2,2,1,2,2,2,2,2,2,2,2,2,2,2,2,2,,,2,3,1,1,99,3,1,1,2,
300728,1,1,1,1,2,2,2,2,1,2,2,2,2,2,2,1,2,150,0,2,1,1,2,40,5,1,8,2,
300732,1,1,2,2,2,2,2,2,2,2,2,2,2,2,2,2,2,,,1,3,2,1,81,7,1,99,2,
300735,1,1,1,1,2,1,2,1,1,1,2,2,1,1,2,1,2,,0,2,4,2,2,47,5,1,99,2,1
300738,1,1,2,1,2,2,2,2,2,2,2,2,2,2,2,2,2,,,4,4,2,2,56,3,1,4,2,
300739,1,1,1,2,2,2,2,2,1,1,2,2,2,1,2,1,2,120,0,2,1,1,1,42,7,1,7,2,
300742,2,2,,,,,,,,,,,,,,,,,,2,1,1,2,68,1,2,1,1,
300751,1,1,2,1,2,2,2,2,2,2,2,2,2,2,2,2,2,,2,4,3,2,1,67,6,1,3,1,
300752,1,1,1,2,2,2,1,2,1,2,2,2,2,2,1,1,1,,0,3,1,2,2,47,5,1,7,2,
300756,1,1,1,2,2,2,2,2,2,1,1,1,2,2,2,2,2,,0,4,1,2,2,51,6,1,8,2,
300757,1,1,1,1,2,2,1,2,1,2,2,1,2,2,1,1,1,70,33,2,3,1,1,75,3,1,6,2,7
300759,1,1,1,1,2,2,2,2,2,2,2,2,2,2,2,1,1,,1,6,2,2,1,22,5,1,7,2,
300760,2,2,,,,,,,,,,,,,,,,,,2,3,2,1,62,7,1,8,2,
300761,1,2,2,2,2,2,2,2,1,2,2,1,2,1,2,2,2,,5,1,4,2,1,45,3,4,1,2,
300763,1,1,2,1,2,2,2,2,2,2,2,1,2,2,2,1,2,,9998,3,2,2,2,37,6,2,5,2,7
300767,1,1,1,1,2,2,1,2,2,2,2,2,2,2,2,2,2,,,2,2,1,2,33,6,1,8,2,
300768,2,2,,,,,,,,,,,,,,,,,,1,3,2,2,71,4,1,2,2,
300769,1,1,2,2,2,2,1,2,2,2,2,2,2,2,2,2,2,,0,3,4,2,2,54,2,1,3,1,
300771,2,2,,,,,,,,,,,,,,,,,,2,2,2,2,50,3,1,5,2,
300776,1,1,1,1,2,1,1,2,1,2,1,2,1,2,2,1,2,,39,2,1,2,2,45,7,1,7,2,
300777,2,2,,,,,,,,,,,,,,,,,,1,3,2,2,64,3,1,3,2,
300780,2,2,,,,,,,,,,,,,,,,,,2,1,2,2,72,5,1,5,1,
300781,1,1,1,1,2,2,2,2,2,2,2,2,2,2,2,2,2,,,4,1,1,2,53,6,1,8,2,7
300784,1,1,1,1,2,2,2,2,1,2,2,1,2,2,2,1,2,,100,2,1,2,1,65,7,1,8,2,7
300786,1,1,1,1,2,2,2,2,2,2,2,2,2,2,2,2,2,,,1,1,2,2,50,6,1,5,2,
300790,1,1,1,1,2,1,1,2,2,2,2,1,2,2,1,1,1,55,0,1,4,2,1,64,7,5,6,2,
300792,2,2,,,,,,,,,,,,,,,,,,2,1,2,2,50,2,5,4,2,
300796,1,2,2,2,2,2,2,2,2,2,2,2,2,2,2,2,2,,,4,4,2,2,62,3,1,7,2,
300802,1,1,1,2,2,2,2,2,2,2,1,2,2,2,2,2,2,,0,2,4,2,2,75,3,1,4,2,
300805,1,1,1,2,2,2,2,2,2,2,2,2,2,2,2,2,2,,,4,2,2,2,50,5,1,9,2,
300808,1,1,1,1,2,2,2,2,1,2,2,2,2,2,2,2,2,,2,2,1,1,2,33,7,1,7,2,7
300809,1,1,1,2,2,2,2,2,2,2,2,2,2,2,2,1,2,,0,3,3,2,2,71,6,1,8,2,
300810,2,2,,,,,,,,,,,,,,,,,,1,3,2,1,59,2,2,1,2,
300811,2,2,,,,,,,,,,,,,,,,,,1,3,2,1,67,1,9,3,2,
300812,1,1,1,2,2,2,2,2,2,2,2,2,2,2,2,1,2,,0,2,1,1,1,50,3,1,7,2,
300813,1,1,1,2,2,2,2,2,1,2,2,2,2,2,2,1,2,,50,1,1,2,1,48,6,1,6,2,
300816,1,1,2,1,2,2,2,2,2,2,2,2,2,2,2,2,2,,,1,3,2,2,69,5,1,3,2,
300819,1,1,1,2,2,2,1,2,1,2,2,1,1,1,2,1,1,100,5,1,1,1,1,99,6,1,99,2,
300820,1,1,2,2,1,2,2,2,1,2,2,2,2,2,2,1,1,,4,1,1,1,1,35,7,1,5,2,
300831,2,2,,,,,,,,,,,,,,,,,,1,3,9,1,87,1,1,1,1,
300836,1,1,1,2,2,2,2,2,2,2,2,2,2,2,2,2,2,,,3,4,1,2,50,6,6,6,2,
300839,2,1,2,2,2,2,2,2,1,2,2,8,2,2,2,2,2,,0,1,3,2,2,90,5,1,5,1,
300840,1,1,2,2,2,2,1,2,2,2,2,2,2,2,2,2,2,,,1,3,2,2,82,3,1,3,2,
300841,1,1,2,2,2,2,2,2,2,2,2,1,2,2,2,2,2,,0,4,4,2,2,49,6,1,99,2,
300843,1,1,2,2,2,2,2,2,2,2,2,2,2,2,2,2,2,,,2,1,1,2,42,3,1,4,2,
300845,2,2,,,,,,,,,,,,,,,,,,3,3,2,2,65,3,1,3,2,
300852,2,2,,,,,,,,,,,,,,,,,,2,3,2,2,72,6,1,4,2,
300856,1,1,1,2,1,2,2,2,2,2,2,2,2,2,2,1,2,,0,2,3,2,1,58,7,1,6,2,
300858,1,1,1,1,2,2,2,2,2,2,2,2,2,2,2,2,2,,,4,1,2,2,53,6,1,6,2,
300862,1,1,1,1,2,2,2,2,2,2,2,2,2,2,2,2,1,,0,4,1,2,2,99,5,1,99,2,
300863,1,1,1,2,2,2,2,2,2,2,2,2,2,2,2,2,2,,,2,4,2,1,57,6,1,9,2,
300865,1,1,1,1,2,2,2,2,2,2,2,2,2,2,2,2,2,,,2,2,2,1,18,2,1,4,2,7
300867,1,1,1,1,1,2,1,2,2,2,2,2,2,2,2,2,2,,,4,6,2,2,22,5,6,99,2,
300868,2,2,,,,,,,,,,,,,,,,,,2,4,2,1,18,2,6,99,1,
300869,1,1,1,2,2,2,2,2,2,2,2,2,2,2,2,2,2,,,3,1,2,2,70,6,4,8,2,
300870,1,2,1,2,2,2,2,2,2,1,1,1,2,2,2,2,2,,0,1,3,2,2,72,3,1,3,2,
300871,2,2,,,,,,,,,,,,,,,,,,2,3,2,2,99,2,1,99,2,
300872,2,2,,,,,,,,,,,,,,,,,,1,3,2,2,75,3,1,99,2,
300875,2,2,,,,,,,,,,,,,,,,,,2,2,1,2,49,3,1,5,2,
300876,1,1,1,2,2,2,2,2,2,2,2,2,2,2,2,1,2,,45,1,2,2,2,70,5,1,7,2,
300877,1,1,1,2,2,1,2,1,2,2,2,2,2,2,1,2,2,,0,9,1,9,2,99,6,1,7,2,7
300880,1,1,1,2,2,2,2,2,2,2,1,2,2,2,2,2,2,,9998,2,3,2,2,74,3,1,99,2,
300881,2,2,,,,,,,,,,,,,,,,,,2,3,2,2,74,3,1,6,1,
300882,1,1,1,1,2,2,2,2,2,2,2,2,1,2,1,1,1,300,5,2,1,2,2,59,5,1,9,2,
300883,2,2,,,,,,,,,,,,,,,,,,2,4,2,2,86,3,1,1,1,
300885,1,1,1,2,2,2,2,2,1,1,2,2,2,2,2,2,2,,0,1,1,1,1,46,6,1,6,2,
300887,1,1,2,1,2,2,1,2,2,1,2,2,2,2,2,2,2,,18,2,3,2,2,71,3,1,4,1,
300888,1,1,1,2,2,2,2,2,2,2,2,2,2,2,2,2,2,12,25,2,1,1,1,47,6,1,9,2,
300890,1,1,2,2,2,2,2,2,2,2,2,2,2,2,2,2,2,,100,2,1,1,1,44,6,1,7,2,
300893,1,1,1,2,2,2,2,2,2,2,2,2,2,2,2,2,2,,,2,4,1,2,30,6,1,4,1,
300894,2,2,,,,,,,,,,,,,,,,,,1,3,2,2,87,6,1,99,2,
300895,1,1,1,1,2,2,2,2,2,2,2,2,2,2,2,2,2,,,3,1,2,2,55,6,1,6,2,6
300896,1,1,2,1,1,2,2,2,2,2,2,1,2,1,2,2,2,,19,2,1,1,2,56,3,1,99,2,
300897,1,1,1,2,2,2,2,2,2,2,2,2,1,2,2,2,2,5,0,2,4,2,2,50,7,1,2,1,
300898,2,2,,,,,,,,,,,,,,,,,,2,3,2,1,59,3,1,4,2,
300900,2,2,,,,,,,,,,,,,,,,,,1,3,2,2,99,3,1,2,1,
300901,1,1,1,2,2,2,1,2,2,1,2,2,2,2,2,1,1,,95,2,1,2,2,67,5,1,99,2,
300905,2,2,,,,,,,,,,,,,,,,,,3,3,2,1,74,2,1,3,1,
300906,1,1,1,1,2,2,2,2,2,2,2,1,2,2,2,2,2,,0,2,4,2,1,60,2,1,99,2,
300907,1,1,1,1,2,2,2,2,2,2,2,1,1,1,2,2,2,,0,1,3,2,2,66,3,1,6,2,
300908,1,1,1,2,2,2,1,2,1,2,1,1,2,1,2,2,2,,40,2,3,2,1,65,7,1,99,2,
300909,1,1,1,2,2,1,2,2,2,2,2,2,2,2,2,2,2,100,100,2,2,1,1,55,5,1,4,2,7
300910,1,1,1,1,2,2,1,2,2,2,1,1,2,2,2,2,2,,20,1,1,2,2,60,7,1,99,2,
300912,1,1,1,2,2,2,2,2,2,2,2,2,2,1,2,1,1,,1000,4,7,2,1,61,7,1,8,1,
300913,1,1,9,2,2,2,1,2,2,2,2,2,2,2,2,2,2,,,9,9,2,1,99,5,2,99,2,
300919,1,1,1,1,2,2,1,2,2,2,2,2,2,2,2,2,2,,,4,4,1,2,29,3,2,3,2,7
300924,2,1,2,2,2,2,2,2,2,2,2,2,2,2,2,2,2,,,6,3,2,1,75,5,1,4,2,
300928,1,1,1,1,2,1,2,2,2,2,2,1,2,2,2,2,2,,9999,1,1,2,1,99,6,1,99,2,
300930,1,1,1,2,2,2,2,2,2,2,2,2,2,2,2,2,2,,,3,1,2,1,99,6,1,99,2,
300932,1,1,1,2,2,2,2,2,2,2,2,1,2,2,2,1,2,500,0,2,3,2,1,68,6,1,6,2,
300934,1,1,1,1,2,2,2,2,2,2,2,2,2,2,2,1,2,,0,2,3,1,2,62,3,1,3,1,
300936,2,2,,,,,,,,,,,,,,,,,,5,1,2,2,55,5,1,99,1,
300937,1,1,2,2,2,2,2,2,2,2,2,2,2,2,2,1,2,,1,1,1,2,2,54,3,4,99,2,
300938,2,2,,,,,,,,,,,,,,,,,,2,5,2,2,58,3,1,1,1,
300942,2,2,,,,,,,,,,,,,,,,,,2,1,2,1,36,5,2,7,1,
300954,2,2,,,,,,,,,,,,,,,,,,1,4,2,2,67,2,2,99,2,
300962,2,2,,,,,,,,,,,,,,,,,,1,3,2,1,67,5,1,2,1,
300966,2,2,,,,,,,,,,,,,,,,,,2,1,2,2,56,6,1,4,2,
300980,1,1,1,2,2,2,2,2,2,2,2,2,2,2,2,2,2,,,2,1,2,1,57,5,1,8,2,
300983,2,2,,,,,,,,,,,,,,,,,,1,3,2,2,87,2,1,2,2,
300985,1,1,2,2,2,2,1,2,2,2,2,2,2,2,2,2,2,,,3,4,1,1,53,6,1,7,2,
300987,1,1,2,2,2,2,2,2,2,2,1,2,2,2,2,2,2,,0,2,1,1,2,35,6,1,7,1,
300997,1,1,1,1,1,2,1,2,2,2,2,2,2,2,1,2,1,,0,1,1,1,2,28,3,1,5,2,7
300998,1,1,1,2,2,2,1,2,2,2,2,2,2,2,2,2,2,,30,1,3,2,2,54,6,1,5,2,
301000,1,1,1,1,2,2,2,2,1,1,1,1,2,2,1,2,1,,20,1,2,1,2,36,5,1,3,2,7
301005,1,1,1,1,2,2,1,2,2,2,2,2,2,2,1,1,1,,0,2,2,1,2,53,5,1,6,2,
301010,1,2,2,2,2,2,2,2,2,2,2,2,2,2,2,2,2,,,2,1,1,1,37,5,1,7,2,
301012,1,1,1,2,2,2,1,2,2,2,2,2,2,2,2,2,2,,,3,1,2,1,60,7,1,7,1,
301016,2,2,,,,,,,,,,,,,,,,,,1,3,2,1,67,4,1,3,2,
301017,1,1,1,1,2,2,2,2,2,2,1,2,2,2,2,2,2,,1,2,2,2,2,59,3,1,7,2,
301018,1,1,1,1,2,2,1,2,2,2,2,1,2,2,2,1,2,,0,2,3,2,1,70,3,1,5,2,
301019,2,2,,,,,,,,,,,,,,,,,,2,3,2,1,58,2,1,99,1,
301025,1,2,1,2,2,2,2,2,2,2,2,2,2,2,2,2,2,,0,3,1,1,1,45,1,1,6,2,
301027,2,2,,,,,,,,,,,,,,,,,,2,3,2,1,72,5,1,99,2,
301028,1,1,2,2,2,2,2,2,2,2,2,2,2,2,2,2,2,,,2,2,2,2,61,3,1,7,2,
301029,1,1,1,2,2,2,2,2,2,2,2,1,1,1,2,2,2,,0,1,1,2,2,72,7,1,6,2,
301030,1,1,1,2,2,2,2,2,2,2,2,2,2,2,2,2,2,,,2,1,2,1,99,3,1,99,2,
301031,1,1,1,1,2,1,2,1,1,2,1,2,2,2,2,2,1,,0,2,2,1,2,36,5,1,9,2,7
301032,1,2,2,2,2,2,2,2,2,2,2,2,2,2,2,2,2,,,1,3,2,1,60,3,1,1,2,
301035,2,2,,,,,,,,,,,,,,,,,,2,5,2,2,62,3,1,3,2,
301036,1,1,1,2,2,2,2,2,1,2,2,1,2,2,1,1,1,,0,2,3,2,2,50,4,1,4,2,
301040,1,1,1,1,1,2,2,2,1,2,1,2,2,2,2,2,2,,9998,5,4,2,2,20,3,1,6,1,
301041,1,1,1,1,2,2,2,2,1,2,2,2,2,2,2,2,2,,5,2,1,2,1,31,6,1,99,2,
301049,1,1,1,2,2,2,2,2,2,2,2,2,2,2,2,1,1,,700,9,4,2,1,99,1,9,1,1,
301050,2,2,,,,,,,,,,,,,,,,,,1,3,2,2,88,3,1,2,1,
301056,1,1,1,2,2,2,1,2,2,2,2,2,2,2,2,2,2,,,2,1,1,1,41,6,1,99,2,
301057,1,1,2,2,2,2,2,2,2,2,2,2,2,2,2,2,2,,0,1,3,2,2,39,5,1,2,2,
301059,2,2,,,,,,,,,,,,,,,,,,1,3,2,1,81,6,1,7,1,
301063,1,2,2,2,2,2,2,2,2,2,2,2,2,2,2,2,2,,,2,1,2,2,59,6,1,99,2,
301065,2,2,,,,,,,,,,,,,,,,,,2,3,2,2,73,5,1,3,2,